event_id,timestamp,zone,time_of_day,noise_level_db,ambient_limit_db,excess_db,noise_exceeded,top_audio_class,top_audio_confidence,top_video_class,top_video_confidence,is_construction_site,construction_confidence,violations,is_compliant,severity,num_violations
test_clip_1_chunk_0000,2025-11-02T12:00:00,residential,day,0,55.0,-55.0,False,motorvehicle-horn,0.4362,car,0.782,False,0.0,no_violation,True,compliant,0
test_clip_1_chunk_0001,2025-11-02T12:00:10,residential,day,0,55.0,-55.0,False,motorvehicle-horn,0.7052,car,0.7964,False,0.1,no_violation,True,compliant,0
test_clip_1_chunk_0002,2025-11-02T12:00:20,residential,day,0,55.0,-55.0,False,motorvehicle-horn,0.4958,car,0.8028,False,0.0,no_violation,True,compliant,0
test_clip_1_chunk_0003,2025-11-02T12:00:30,residential,day,0,55.0,-55.0,False,motorvehicle-siren,0.3314,car,0.8248,False,0.0,no_violation,True,compliant,0
test_clip_1_chunk_0004,2025-11-02T12:00:40,residential,day,0,55.0,-55.0,False,generator,0.8378,car,0.8351,False,0.0,no_violation,True,compliant,0
test_clip_1_chunk_0005,2025-11-02T12:00:50,residential,day,0,55.0,-55.0,False,motorvehicle-horn,0.421,car,0.8416,False,0.0,no_violation,True,compliant,0
test_clip_1_chunk_0006,2025-11-02T12:01:00,residential,day,0,55.0,-55.0,False,motorvehicle-siren,0.474,car,0.8499,False,0.0,no_violation,True,compliant,0
test_clip_1_chunk_0007,2025-11-02T12:01:10,residential,day,0,55.0,-55.0,False,motorvehicle-horn,0.6261,car,0.8428,False,0.0,no_violation,True,compliant,0
test_clip_1_chunk_0008,2025-11-02T12:01:20,residential,day,0,55.0,-55.0,False,motorvehicle-horn,0.612,car,0.8171,False,0.0,no_violation,True,compliant,0
test_clip_1_chunk_0009,2025-11-02T12:01:30,residential,day,0,55.0,-55.0,False,motorvehicle-horn,0.7385,car,0.8107,False,0.125,no_violation,True,compliant,0
test_clip_1_chunk_0010,2025-11-02T12:01:40,residential,day,0,55.0,-55.0,False,motorvehicle-horn,0.7439,car,0.8189,False,0.0,no_violation,True,compliant,0
test_clip_1_chunk_0011,2025-11-02T12:01:50,residential,day,0,55.0,-55.0,False,motorvehicle-horn,0.6349,car,0.8136,False,0.0,no_violation,True,compliant,0
test_clip_1_chunk_0012,2025-11-02T12:02:00,residential,day,0,55.0,-55.0,False,motorvehicle-horn,0.8853,person,0.8222,False,0.0,no_violation,True,compliant,0
test_clip_1_chunk_0013,2025-11-02T12:02:10,residential,day,0,55.0,-55.0,False,generator,0.8675,car,0.8303,False,0.1429,no_violation,True,compliant,0
test_clip_1_chunk_0014,2025-11-02T12:02:20,residential,day,0,55.0,-55.0,False,generator,0.6034,car,0.7973,False,0.4286,no_violation,True,compliant,0
test_clip_1_chunk_0015,2025-11-02T12:02:30,residential,day,0,55.0,-55.0,False,generator,0.4135,car,0.8114,False,0.0,no_violation,True,compliant,0
test_clip_1_chunk_0016,2025-11-02T12:02:40,residential,day,0,55.0,-55.0,False,motorvehicle-horn,0.8285,person,0.8843,False,0.0,no_violation,True,compliant,0
test_clip_1_chunk_0017,2025-11-02T12:02:50,residential,day,0,55.0,-55.0,False,motorvehicle-horn,0.5017,car,0.7961,False,0.5,no_violation,True,compliant,0
test_clip_1_chunk_0018,2025-11-02T12:03:00,residential,day,0,55.0,-55.0,False,generator,0.435,car,0.7992,False,0.0,no_violation,True,compliant,0
test_clip_1_chunk_0019,2025-11-02T12:03:10,residential,day,0,55.0,-55.0,False,generator,0.3978,car,0.8044,False,0.0,no_violation,True,compliant,0
test_clip_1_chunk_0020,2025-11-02T12:03:20,residential,day,0,55.0,-55.0,False,motorvehicle-horn,0.3601,car,0.8032,False,0.0,no_violation,True,compliant,0
test_clip_1_chunk_0021,2025-11-02T12:03:30,residential,day,0,55.0,-55.0,False,motorvehicle-horn,0.4654,car,0.7934,False,0.1,no_violation,True,compliant,0
test_clip_1_chunk_0022,2025-11-02T12:03:40,residential,day,0,55.0,-55.0,False,motorvehicle-siren,0.7177,car,0.8273,False,0.0,no_violation,True,compliant,0
test_clip_1_chunk_0023,2025-11-02T12:03:50,residential,day,0,55.0,-55.0,False,generator,0.7388,person,0.8101,False,0.0,no_violation,True,compliant,0
test_clip_1_chunk_0024,2025-11-02T12:04:00,residential,day,0,55.0,-55.0,False,motorvehicle-horn,0.567,car,0.8364,False,0.0,no_violation,True,compliant,0
test_clip_1_chunk_0025,2025-11-02T12:04:10,residential,day,0,55.0,-55.0,False,generator,0.3789,car,0.836,False,0.0,no_violation,True,compliant,0
test_clip_1_chunk_0026,2025-11-02T12:04:20,residential,day,0,55.0,-55.0,False,motorvehicle-horn,0.5587,car,0.8261,False,0.1111,no_violation,True,compliant,0
test_clip_1_chunk_0027,2025-11-02T12:04:30,residential,day,0,55.0,-55.0,False,motorvehicle-siren,0.5253,car,0.7807,False,0.3333,no_violation,True,compliant,0
test_clip_1_chunk_0028,2025-11-02T12:04:40,residential,day,0,55.0,-55.0,False,motorvehicle-horn,0.5803,car,0.7741,False,0.2222,no_violation,True,compliant,0
test_clip_1_chunk_0029,2025-11-02T12:04:50,residential,day,0,55.0,-55.0,False,motorvehicle-horn,0.3559,car,0.8197,False,0.1111,no_violation,True,compliant,0
test_clip_1_chunk_0030,2025-11-02T12:05:00,residential,day,0,55.0,-55.0,False,generator,0.3779,person,0.8232,False,0.0,no_violation,True,compliant,0
test_clip_1_chunk_0031,2025-11-02T12:05:10,residential,day,0,55.0,-55.0,False,motorvehicle-horn,0.471,person,0.8615,False,0.1111,no_violation,True,compliant,0
test_clip_1_chunk_0032,2025-11-02T12:05:20,residential,day,0,55.0,-55.0,False,motorvehicle-horn,0.6396,car,0.8186,False,0.125,no_violation,True,compliant,0
test_clip_1_chunk_0033,2025-11-02T12:05:30,residential,day,0,55.0,-55.0,False,motorvehicle-horn,0.5514,car,0.8071,False,0.0,no_violation,True,compliant,0
test_clip_1_chunk_0034,2025-11-02T12:05:40,residential,day,0,55.0,-55.0,False,motorvehicle-horn,0.4746,car,0.8096,False,0.0,no_violation,True,compliant,0
test_clip_1_chunk_0035,2025-11-02T12:05:50,residential,day,0,55.0,-55.0,False,generator,0.4466,car,0.7906,False,0.1429,no_violation,True,compliant,0
test_clip_1_chunk_0036,2025-11-02T12:06:00,residential,day,0,55.0,-55.0,False,motorvehicle-horn,0.6525,car,0.7804,False,0.4286,no_violation,True,compliant,0
test_clip_1_chunk_0037,2025-11-02T12:06:10,residential,day,0,55.0,-55.0,False,motorvehicle-horn,0.6131,car,0.8106,False,0.0,no_violation,True,compliant,0
test_clip_1_chunk_0038,2025-11-02T12:06:20,residential,day,0,55.0,-55.0,False,motorvehicle-horn,0.5951,car,0.8008,False,0.1429,no_violation,True,compliant,0
test_clip_1_chunk_0039,2025-11-02T12:06:30,residential,day,0,55.0,-55.0,False,motorvehicle-horn,0.4157,car,0.7822,False,0.0,no_violation,True,compliant,0
test_clip_1_chunk_0040,2025-11-02T12:06:40,residential,day,0,55.0,-55.0,False,generator,0.401,car,0.785,False,0.1667,no_violation,True,compliant,0
test_clip_1_chunk_0041,2025-11-02T12:06:50,residential,day,0,55.0,-55.0,False,motorvehicle-horn,0.3667,car,0.8294,False,0.1667,no_violation,True,compliant,0
test_clip_1_chunk_0042,2025-11-02T12:07:00,residential,day,0,55.0,-55.0,False,motorvehicle-siren,0.3376,car,0.8327,False,0.3,no_violation,True,compliant,0
test_clip_1_chunk_0043,2025-11-02T12:07:10,residential,day,0,55.0,-55.0,False,motorvehicle-horn,0.4712,car,0.817,False,0.1,no_violation,True,compliant,0
test_clip_1_chunk_0044,2025-11-02T12:07:20,residential,day,0,55.0,-55.0,False,motorvehicle-horn,0.5051,car,0.7732,False,0.0,no_violation,True,compliant,0
test_clip_1_chunk_0045,2025-11-02T12:07:30,residential,day,0,55.0,-55.0,False,motorvehicle-horn,0.4804,car,0.7565,False,0.1,no_violation,True,compliant,0
test_clip_1_chunk_0046,2025-11-02T12:07:40,residential,day,0,55.0,-55.0,False,motorvehicle-horn,0.6524,car,0.7773,False,0.0,no_violation,True,compliant,0
test_clip_1_chunk_0047,2025-11-02T12:07:50,residential,day,0,55.0,-55.0,False,generator,0.701,car,0.7785,False,0.0,no_violation,True,compliant,0
test_clip_1_chunk_0048,2025-11-02T12:08:00,residential,day,0,55.0,-55.0,False,motorvehicle-siren,0.522,car,0.8186,False,0.0,no_violation,True,compliant,0
test_clip_1_chunk_0049,2025-11-02T12:08:10,residential,day,0,55.0,-55.0,False,motorvehicle-horn,0.5611,car,0.8172,False,0.0,no_violation,True,compliant,0
test_clip_1_chunk_0050,2025-11-02T12:08:20,residential,day,0,55.0,-55.0,False,motorvehicle-horn,0.5728,car,0.7529,False,0.125,no_violation,True,compliant,0
test_clip_1_chunk_0051,2025-11-02T12:08:30,residential,day,0,55.0,-55.0,False,motorvehicle-siren,0.3413,car,0.7772,False,0.125,no_violation,True,compliant,0
test_clip_1_chunk_0052,2025-11-02T12:08:40,residential,day,0,55.0,-55.0,False,motorvehicle-horn,0.3941,car,0.7622,False,0.125,no_violation,True,compliant,0
test_clip_1_chunk_0053,2025-11-02T12:08:50,residential,day,0,55.0,-55.0,False,motorvehicle-horn,0.3561,car,0.7578,False,0.0,no_violation,True,compliant,0
test_clip_1_chunk_0054,2025-11-02T12:09:00,residential,day,0,55.0,-55.0,False,motorvehicle-horn,0.4139,car,0.8118,False,0.0,no_violation,True,compliant,0
test_clip_1_chunk_0055,2025-11-02T12:09:10,residential,day,0,55.0,-55.0,False,motorvehicle-horn,0.5591,person,0.8757,False,0.1429,no_violation,True,compliant,0
test_clip_1_chunk_0056,2025-11-02T12:09:20,residential,day,0,55.0,-55.0,False,motorvehicle-siren,0.4359,person,0.9038,False,0.3333,no_violation,True,compliant,0
test_clip_1_chunk_0057,2025-11-02T12:09:30,residential,day,0,55.0,-55.0,False,generator,0.4246,person,0.8816,False,0.0,no_violation,True,compliant,0
test_clip_1_chunk_0058,2025-11-02T12:09:40,residential,day,0,55.0,-55.0,False,generator,0.4877,person,0.8691,False,0.0,no_violation,True,compliant,0
test_clip_1_chunk_0059,2025-11-02T12:09:50,residential,day,0,55.0,-55.0,False,generator,0.5714,person,0.8599,False,0.0,no_violation,True,compliant,0
test_clip_1_chunk_0060,2025-11-02T12:10:00,residential,day,0,55.0,-55.0,False,motorvehicle-horn,0.7448,car,0.7883,False,0.6,no_violation,True,compliant,0
test_clip_1_chunk_0061,2025-11-02T12:10:10,residential,day,0,55.0,-55.0,False,crowd-noise,0.4822,car,0.7357,True,0.8,no_violation,True,compliant,0
test_clip_1_chunk_0062,2025-11-02T12:10:20,residential,day,0,55.0,-55.0,False,crowd-noise,0.4033,truck,0.8045,True,0.7,no_violation,True,compliant,0
test_clip_1_chunk_0063,2025-11-02T12:10:30,residential,day,0,55.0,-55.0,False,crowd-noise,0.395,car,0.7596,True,0.8889,no_violation,True,compliant,0
test_clip_1_chunk_0064,2025-11-02T12:10:40,residential,day,0,55.0,-55.0,False,crowd-noise,0.3974,bus,0.8582,True,1.0,no_violation,True,compliant,0
test_clip_1_chunk_0065,2025-11-02T12:10:50,residential,day,0,55.0,-55.0,False,crowd-noise,0.6504,person,0.7751,True,0.7778,no_violation,True,compliant,0
test_clip_1_chunk_0066,2025-11-02T12:11:00,residential,day,0,55.0,-55.0,False,motorvehicle-horn,0.491,truck,0.7417,True,0.8889,no_violation,True,compliant,0
test_clip_1_chunk_0067,2025-11-02T12:11:10,residential,day,0,55.0,-55.0,False,crowd-noise,0.5999,car,0.857,False,0.625,no_violation,True,compliant,0
test_clip_1_chunk_0068,2025-11-02T12:11:20,residential,day,0,55.0,-55.0,False,motorvehicle-horn,0.4043,car,0.8588,False,0.625,no_violation,True,compliant,0
test_clip_1_chunk_0069,2025-11-02T12:11:30,residential,day,0,55.0,-55.0,False,crowd-noise,0.4513,car,0.7853,False,0.625,no_violation,True,compliant,0
test_clip_1_chunk_0070,2025-11-02T12:11:40,residential,day,0,55.0,-55.0,False,motorvehicle-horn,0.6927,person,0.7604,True,0.7143,no_violation,True,compliant,0
test_clip_1_chunk_0071,2025-11-02T12:11:50,residential,day,0,55.0,-55.0,False,motorvehicle-horn,0.7526,car,0.7779,True,0.7143,no_violation,True,compliant,0
test_clip_1_chunk_0072,2025-11-02T12:12:00,residential,day,0,55.0,-55.0,False,motorvehicle-horn,0.3943,truck,0.8364,True,0.7143,no_violation,True,compliant,0
test_clip_1_chunk_0073,2025-11-02T12:12:10,residential,day,0,55.0,-55.0,False,motorvehicle-horn,0.4967,truck,0.7629,True,0.7143,no_violation,True,compliant,0
test_clip_1_chunk_0074,2025-11-02T12:12:20,residential,day,0,55.0,-55.0,False,motorvehicle-horn,0.5045,car,0.8132,False,0.3333,no_violation,True,compliant,0
test_clip_1_chunk_0075,2025-11-02T12:12:30,residential,day,0,55.0,-55.0,False,motorvehicle-horn,0.5338,car,0.7949,False,0.6667,no_violation,True,compliant,0
test_clip_1_chunk_0076,2025-11-02T12:12:40,residential,day,0,55.0,-55.0,False,motorvehicle-horn,0.3835,truck,0.8319,False,0.0,no_violation,True,compliant,0
test_clip_1_chunk_0077,2025-11-02T12:12:50,residential,day,0,55.0,-55.0,False,crowd-noise,0.4782,motorcycle,0.7046,False,0.6667,no_violation,True,compliant,0
test_clip_1_chunk_0078,2025-11-02T12:13:00,residential,day,0,55.0,-55.0,False,crowd-noise,0.5615,person,0.7628,False,0.0,no_violation,True,compliant,0
test_clip_1_chunk_0079,2025-11-02T12:13:10,residential,day,0,55.0,-55.0,False,crowd-noise,0.7683,person,0.7804,False,0.0,no_violation,True,compliant,0
test_clip_1_chunk_0080,2025-11-02T12:13:20,residential,day,0,55.0,-55.0,False,crowd-noise,0.5364,car,0.8505,False,0.3,no_violation,True,compliant,0
test_clip_1_chunk_0081,2025-11-02T12:13:30,residential,day,0,55.0,-55.0,False,crowd-noise,0.398,person,0.7691,False,0.4,no_violation,True,compliant,0
test_clip_1_chunk_0082,2025-11-02T12:13:40,residential,day,0,55.0,-55.0,False,motorvehicle-horn,0.4835,car,0.8345,False,0.4444,no_violation,True,compliant,0
test_clip_1_chunk_0083,2025-11-02T12:13:50,residential,day,0,55.0,-55.0,False,crowd-noise,0.5025,car,0.8801,False,0.0,no_violation,True,compliant,0
test_clip_1_chunk_0084,2025-11-02T12:14:00,residential,day,0,55.0,-55.0,False,crowd-noise,0.4695,car,0.8535,False,0.3333,no_violation,True,compliant,0
test_clip_1_chunk_0085,2025-11-02T12:14:10,residential,day,0,55.0,-55.0,False,crowd-noise,0.6966,car,0.8675,False,0.375,no_violation,True,compliant,0
test_clip_1_chunk_0086,2025-11-02T12:14:20,residential,day,0,55.0,-55.0,False,crowd-noise,0.4438,person,0.7809,False,0.25,no_violation,True,compliant,0
test_clip_1_chunk_0087,2025-11-02T12:14:30,residential,day,0,55.0,-55.0,False,crowd-noise,0.4749,car,0.8641,False,0.25,no_violation,True,compliant,0
test_clip_1_chunk_0088,2025-11-02T12:14:40,residential,day,0,55.0,-55.0,False,motorvehicle-horn,0.4361,car,0.836,False,0.25,no_violation,True,compliant,0
test_clip_1_chunk_0089,2025-11-02T12:14:50,residential,day,0,55.0,-55.0,False,motorvehicle-horn,0.4956,car,0.7039,False,0.2857,no_violation,True,compliant,0
test_clip_1_chunk_0090,2025-11-02T12:15:00,residential,day,0,55.0,-55.0,False,construction-site,0.3973,person,0.7903,False,0.1429,no_violation,True,compliant,0
test_clip_1_chunk_0091,2025-11-02T12:15:10,residential,day,0,55.0,-55.0,False,crowd-noise,0.4439,person,0.7427,False,0.2857,no_violation,True,compliant,0
test_clip_1_chunk_0092,2025-11-02T12:15:20,residential,day,0,55.0,-55.0,False,crowd-noise,0.5701,car,0.79,True,0.7143,no_violation,True,compliant,0
test_clip_1_chunk_0093,2025-11-02T12:15:30,residential,day,0,55.0,-55.0,False,motorvehicle-horn,0.7673,car,0.778,False,0.5,no_violation,True,compliant,0
test_clip_1_chunk_0094,2025-11-02T12:15:40,residential,day,0,55.0,-55.0,False,crowd-noise,0.6732,car,0.7994,True,1.0,no_violation,True,compliant,0
test_clip_1_chunk_0095,2025-11-02T12:15:50,residential,day,0,55.0,-55.0,False,generator,0.2879,motorcycle,0.7884,False,0.3333,no_violation,True,compliant,0
test_clip_1_chunk_0096,2025-11-02T12:16:00,residential,day,0,55.0,-55.0,False,motorvehicle-horn,0.3064,person,0.7293,False,0.3333,no_violation,True,compliant,0
test_clip_1_chunk_0097,2025-11-02T12:16:10,residential,day,0,55.0,-55.0,False,crowd-noise,0.6835,car,0.8902,False,0.0,no_violation,True,compliant,0
test_clip_1_chunk_0098,2025-11-02T12:16:20,residential,day,0,55.0,-55.0,False,crowd-noise,0.4806,car,0.9081,False,0.3,no_violation,True,compliant,0
test_clip_1_chunk_0099,2025-11-02T12:16:30,residential,day,0,55.0,-55.0,False,crowd-noise,0.4445,person,0.6704,False,0.3,no_violation,True,compliant,0
test_clip_1_chunk_0100,2025-11-02T12:16:40,residential,day,0,55.0,-55.0,False,crowd-noise,0.5547,person,0.7531,False,0.0,no_violation,True,compliant,0
test_clip_1_chunk_0101,2025-11-02T12:16:50,residential,day,0,55.0,-55.0,False,motorvehicle-horn,0.5441,person,0.6732,False,0.2222,no_violation,True,compliant,0
test_clip_1_chunk_0102,2025-11-02T12:17:00,residential,day,0,55.0,-55.0,False,mobile-music,0.4448,bicycle,0.6573,True,0.8889,no_violation,True,compliant,0
test_clip_1_chunk_0103,2025-11-02T12:17:10,residential,day,0,55.0,-55.0,False,motorvehicle-horn,0.5562,person,0.6535,False,0.5556,no_violation,True,compliant,0
test_clip_1_chunk_0104,2025-11-02T12:17:20,residential,day,0,55.0,-55.0,False,crowd-noise,0.688,person,0.6778,False,0.5556,no_violation,True,compliant,0
test_clip_1_chunk_0105,2025-11-02T12:17:30,residential,day,0,55.0,-55.0,False,crowd-noise,0.4743,car,0.7047,False,0.375,no_violation,True,compliant,0
test_clip_1_chunk_0106,2025-11-02T12:17:40,residential,day,0,55.0,-55.0,False,motorvehicle-horn,0.6993,car,0.7127,False,0.125,no_violation,True,compliant,0
test_clip_1_chunk_0107,2025-11-02T12:17:50,residential,day,0,55.0,-55.0,False,motorvehicle-horn,0.7356,person,0.7977,False,0.375,no_violation,True,compliant,0
test_clip_1_chunk_0108,2025-11-02T12:18:00,residential,day,0,55.0,-55.0,False,motorvehicle-horn,0.6209,person,0.7743,False,0.0,no_violation,True,compliant,0
test_clip_1_chunk_0109,2025-11-02T12:18:10,residential,day,0,55.0,-55.0,False,motorvehicle-horn,0.7004,motorcycle,0.7205,False,0.0,no_violation,True,compliant,0
test_clip_1_chunk_0110,2025-11-02T12:18:20,residential,day,0,55.0,-55.0,False,motorvehicle-horn,0.5609,person,0.679,False,0.2857,no_violation,True,compliant,0
test_clip_1_chunk_0111,2025-11-02T12:18:30,residential,day,0,55.0,-55.0,False,generator,0.6854,airplane,0.7123,True,1.0,no_violation,True,compliant,0
test_clip_1_chunk_0112,2025-11-02T12:18:40,residential,day,0,55.0,-55.0,False,generator,0.4989,airplane,0.6715,True,1.0,no_violation,True,compliant,0
test_clip_1_chunk_0113,2025-11-02T12:18:50,residential,day,0,55.0,-55.0,False,generator,0.8257,airplane,0.6101,True,1.0,no_violation,True,compliant,0
test_clip_1_chunk_0114,2025-11-02T12:19:00,residential,day,0,55.0,-55.0,False,generator,0.9289,airplane,0.627,True,1.0,no_violation,True,compliant,0
test_clip_1_chunk_0115,2025-11-02T12:19:10,residential,day,0,55.0,-55.0,False,construction-site,0.675,none,0.0,True,1.0,no_violation,True,compliant,0
test_clip_1_chunk_0116,2025-11-02T12:19:20,residential,day,0,55.0,-55.0,False,construction-site,0.4,truck,0.5382,True,1.0,no_violation,True,compliant,0
test_clip_1_chunk_0117,2025-11-02T12:19:30,residential,day,0,55.0,-55.0,False,construction-site,0.4225,truck,0.5405,True,1.0,no_violation,True,compliant,0
test_clip_1_chunk_0118,2025-11-02T12:19:40,residential,day,0,55.0,-55.0,False,construction-site,0.6579,truck,0.5444,True,1.0,no_violation,True,compliant,0
test_clip_1_chunk_0119,2025-11-02T12:19:50,residential,day,0,55.0,-55.0,False,construction-site,0.6621,truck,0.7559,True,0.9,no_violation,True,compliant,0
test_clip_1_chunk_0120,2025-11-02T12:20:00,residential,day,0,55.0,-55.0,False,generator,0.5247,truck,0.4453,True,1.0,no_violation,True,compliant,0
test_clip_1_chunk_0121,2025-11-02T12:20:10,residential,day,0,55.0,-55.0,False,generator,0.5409,truck,0.4926,True,1.0,no_violation,True,compliant,0
test_clip_1_chunk_0122,2025-11-02T12:20:20,residential,day,0,55.0,-55.0,False,generator,0.6977,motorcycle,0.5264,True,1.0,no_violation,True,compliant,0
test_clip_1_chunk_0123,2025-11-02T12:20:30,residential,day,0,55.0,-55.0,False,generator,0.6989,truck,0.5482,True,1.0,no_violation,True,compliant,0
test_clip_1_chunk_0124,2025-11-02T12:20:40,residential,day,0,55.0,-55.0,False,construction-site,0.4921,truck,0.7367,True,1.0,no_violation,True,compliant,0
test_clip_1_chunk_0125,2025-11-02T12:20:50,residential,day,0,55.0,-55.0,False,generator,0.6751,truck,0.5494,True,1.0,no_violation,True,compliant,0
test_clip_1_chunk_0126,2025-11-02T12:21:00,residential,day,0,55.0,-55.0,False,generator,0.4767,none,0.0,True,1.0,no_violation,True,compliant,0
test_clip_1_chunk_0127,2025-11-02T12:21:10,residential,day,0,55.0,-55.0,False,generator,0.7548,truck,0.5911,True,1.0,no_violation,True,compliant,0
test_clip_1_chunk_0128,2025-11-02T12:21:20,residential,day,0,55.0,-55.0,False,generator,0.6908,truck,0.7176,True,1.0,no_violation,True,compliant,0
test_clip_1_chunk_0129,2025-11-02T12:21:30,residential,day,0,55.0,-55.0,False,generator,0.675,truck,0.6048,True,1.0,no_violation,True,compliant,0
test_clip_1_chunk_0130,2025-11-02T12:21:40,residential,day,0,55.0,-55.0,False,construction-site,0.3772,truck,0.5914,True,1.0,no_violation,True,compliant,0
test_clip_1_chunk_0131,2025-11-02T12:21:50,residential,day,0,55.0,-55.0,False,generator,0.7261,truck,0.8637,True,1.0,no_violation,True,compliant,0
test_clip_1_chunk_0132,2025-11-02T12:22:00,residential,day,0,55.0,-55.0,False,generator,0.5516,airplane,0.5349,True,1.0,no_violation,True,compliant,0
test_clip_1_chunk_0133,2025-11-02T12:22:10,residential,day,0,55.0,-55.0,False,generator,0.4966,truck,0.8118,True,1.0,no_violation,True,compliant,0
test_clip_1_chunk_0134,2025-11-02T12:22:20,residential,day,0,55.0,-55.0,False,generator,0.5375,truck,0.7176,True,1.0,no_violation,True,compliant,0
test_clip_1_chunk_0135,2025-11-02T12:22:30,residential,day,0,55.0,-55.0,False,generator,0.7136,truck,0.5918,True,1.0,no_violation,True,compliant,0
test_clip_1_chunk_0136,2025-11-02T12:22:40,residential,day,0,55.0,-55.0,False,generator,0.8235,truck,0.7584,True,1.0,no_violation,True,compliant,0
test_clip_1_chunk_0137,2025-11-02T12:22:50,residential,day,0,55.0,-55.0,False,generator,0.797,truck,0.5719,True,1.0,no_violation,True,compliant,0
test_clip_1_chunk_0138,2025-11-02T12:23:00,residential,day,0,55.0,-55.0,False,construction-site,0.4749,truck,0.7088,True,1.0,no_violation,True,compliant,0
test_clip_1_chunk_0139,2025-11-02T12:23:10,residential,day,0,55.0,-55.0,False,generator,0.6401,truck,0.4674,True,1.0,no_violation,True,compliant,0
test_clip_1_chunk_0140,2025-11-02T12:23:20,residential,day,0,55.0,-55.0,False,generator,0.4625,truck,0.6726,True,1.0,no_violation,True,compliant,0
test_clip_1_chunk_0141,2025-11-02T12:23:30,residential,day,0,55.0,-55.0,False,construction-site,0.5624,truck,0.5125,True,1.0,no_violation,True,compliant,0
test_clip_1_chunk_0142,2025-11-02T12:23:40,residential,day,0,55.0,-55.0,False,construction-site,0.5023,truck,0.6573,True,1.0,no_violation,True,compliant,0
test_clip_1_chunk_0143,2025-11-02T12:23:50,residential,day,0,55.0,-55.0,False,generator,0.4066,none,0.0,True,1.0,no_violation,True,compliant,0
test_clip_1_chunk_0144,2025-11-02T12:24:00,residential,day,0,55.0,-55.0,False,generator,0.6835,truck,0.464,True,1.0,no_violation,True,compliant,0
test_clip_1_chunk_0145,2025-11-02T12:24:10,residential,day,0,55.0,-55.0,False,generator,0.4728,truck,0.7325,True,1.0,no_violation,True,compliant,0
test_clip_1_chunk_0146,2025-11-02T12:24:20,residential,day,0,55.0,-55.0,False,generator,0.4059,truck,0.5302,True,1.0,no_violation,True,compliant,0
test_clip_1_chunk_0147,2025-11-02T12:24:30,residential,day,0,55.0,-55.0,False,generator,0.5229,truck,0.7651,True,1.0,no_violation,True,compliant,0
test_clip_1_chunk_0148,2025-11-02T12:24:40,residential,day,0,55.0,-55.0,False,construction-site,0.4141,truck,0.4333,True,1.0,no_violation,True,compliant,0
test_clip_1_chunk_0149,2025-11-02T12:24:50,residential,day,0,55.0,-55.0,False,generator,0.5241,truck,0.7047,True,1.0,no_violation,True,compliant,0
test_clip_1_chunk_0150,2025-11-02T12:25:00,residential,day,0,55.0,-55.0,False,generator,0.618,truck,0.5933,True,1.0,no_violation,True,compliant,0
test_clip_1_chunk_0151,2025-11-02T12:25:10,residential,day,0,55.0,-55.0,False,construction-site,0.4882,truck,0.4472,True,1.0,no_violation,True,compliant,0
test_clip_1_chunk_0152,2025-11-02T12:25:20,residential,day,0,55.0,-55.0,False,generator,0.6417,truck,0.7913,True,1.0,no_violation,True,compliant,0
test_clip_1_chunk_0153,2025-11-02T12:25:30,residential,day,0,55.0,-55.0,False,generator,0.6915,truck,0.6836,True,1.0,no_violation,True,compliant,0
test_clip_1_chunk_0154,2025-11-02T12:25:40,residential,day,0,55.0,-55.0,False,construction-site,0.5353,truck,0.7372,True,1.0,no_violation,True,compliant,0
test_clip_1_chunk_0155,2025-11-02T12:25:50,residential,day,0,55.0,-55.0,False,generator,0.5564,truck,0.6526,True,1.0,no_violation,True,compliant,0
test_clip_1_chunk_0156,2025-11-02T12:26:00,residential,day,0,55.0,-55.0,False,construction-site,0.5569,truck,0.8035,True,1.0,no_violation,True,compliant,0
test_clip_1_chunk_0157,2025-11-02T12:26:10,residential,day,0,55.0,-55.0,False,construction-site,0.5838,truck,0.7294,True,1.0,no_violation,True,compliant,0
test_clip_1_chunk_0158,2025-11-02T12:26:20,residential,day,0,55.0,-55.0,False,construction-site,0.646,truck,0.7942,True,1.0,no_violation,True,compliant,0
test_clip_1_chunk_0159,2025-11-02T12:26:30,residential,day,0,55.0,-55.0,False,construction-site,0.4815,truck,0.7744,True,1.0,no_violation,True,compliant,0
test_clip_1_chunk_0160,2025-11-02T12:26:40,residential,day,0,55.0,-55.0,False,construction-site,0.5165,truck,0.8229,True,1.0,no_violation,True,compliant,0
test_clip_1_chunk_0161,2025-11-02T12:26:50,residential,day,0,55.0,-55.0,False,construction-site,0.39,truck,0.5068,True,1.0,no_violation,True,compliant,0
test_clip_1_chunk_0162,2025-11-02T12:27:00,residential,day,0,55.0,-55.0,False,generator,0.5255,truck,0.6228,True,1.0,no_violation,True,compliant,0
test_clip_1_chunk_0163,2025-11-02T12:27:10,residential,day,0,55.0,-55.0,False,construction-site,0.7472,truck,0.5465,True,1.0,no_violation,True,compliant,0
test_clip_1_chunk_0164,2025-11-02T12:27:20,residential,day,0,55.0,-55.0,False,construction-site,0.5733,truck,0.5749,True,1.0,no_violation,True,compliant,0
test_clip_1_chunk_0165,2025-11-02T12:27:30,residential,day,0,55.0,-55.0,False,construction-site,0.6144,truck,0.6852,True,1.0,no_violation,True,compliant,0
test_clip_1_chunk_0166,2025-11-02T12:27:40,residential,day,0,55.0,-55.0,False,construction-site,0.5781,truck,0.6245,True,1.0,no_violation,True,compliant,0
test_clip_1_chunk_0167,2025-11-02T12:27:50,residential,day,0,55.0,-55.0,False,construction-site,0.5695,truck,0.515,True,1.0,no_violation,True,compliant,0
test_clip_1_chunk_0168,2025-11-02T12:28:00,residential,day,0,55.0,-55.0,False,generator,0.5027,truck,0.462,True,1.0,no_violation,True,compliant,0
test_clip_1_chunk_0169,2025-11-02T12:28:10,residential,day,0,55.0,-55.0,False,construction-site,0.6033,truck,0.6449,True,1.0,no_violation,True,compliant,0
test_clip_1_chunk_0170,2025-11-02T12:28:20,residential,day,0,55.0,-55.0,False,construction-site,0.4795,truck,0.4082,True,1.0,no_violation,True,compliant,0
test_clip_1_chunk_0171,2025-11-02T12:28:30,residential,day,0,55.0,-55.0,False,construction-site,0.5221,truck,0.3894,True,1.0,no_violation,True,compliant,0
test_clip_1_chunk_0172,2025-11-02T12:28:40,residential,day,0,55.0,-55.0,False,construction-site,0.7167,none,0.0,True,0.875,no_violation,True,compliant,0
test_clip_1_chunk_0173,2025-11-02T12:28:50,residential,day,0,55.0,-55.0,False,construction-site,0.5263,truck,0.6714,True,1.0,no_violation,True,compliant,0
test_clip_1_chunk_0174,2025-11-02T12:29:00,residential,day,0,55.0,-55.0,False,construction-site,0.5808,truck,0.7242,True,1.0,no_violation,True,compliant,0
test_clip_1_chunk_0175,2025-11-02T12:29:10,residential,day,0,55.0,-55.0,False,construction-site,0.6272,truck,0.5624,True,0.8571,no_violation,True,compliant,0
test_clip_1_chunk_0176,2025-11-02T12:29:20,residential,day,0,55.0,-55.0,False,generator,0.4635,truck,0.4824,True,1.0,no_violation,True,compliant,0
test_clip_1_chunk_0177,2025-11-02T12:29:30,residential,day,0,55.0,-55.0,False,generator,0.8169,airplane,0.5367,True,1.0,no_violation,True,compliant,0
test_clip_1_chunk_0178,2025-11-02T12:29:40,residential,day,0,55.0,-55.0,False,generator,0.648,truck,0.5094,True,1.0,no_violation,True,compliant,0
test_clip_1_chunk_0179,2025-11-02T12:29:50,residential,day,0,55.0,-55.0,False,construction-site,0.5235,truck,0.6155,True,1.0,no_violation,True,compliant,0
test_clip_1_chunk_0180,2025-11-02T12:30:00,residential,day,0,55.0,-55.0,False,generator,0.675,airplane,0.533,True,1.0,no_violation,True,compliant,0
test_clip_1_chunk_0181,2025-11-02T12:30:10,residential,day,0,55.0,-55.0,False,generator,0.6647,truck,0.7403,True,1.0,no_violation,True,compliant,0
test_clip_1_chunk_0182,2025-11-02T12:30:20,residential,day,0,55.0,-55.0,False,generator,0.8118,airplane,0.599,True,1.0,no_violation,True,compliant,0
test_clip_1_chunk_0183,2025-11-02T12:30:30,residential,day,0,55.0,-55.0,False,construction-site,0.6033,truck,0.7236,True,1.0,no_violation,True,compliant,0
test_clip_1_chunk_0184,2025-11-02T12:30:40,residential,day,0,55.0,-55.0,False,construction-site,0.6023,truck,0.6222,True,1.0,no_violation,True,compliant,0
test_clip_1_chunk_0185,2025-11-02T12:30:50,residential,day,0,55.0,-55.0,False,construction-site,0.6041,truck,0.5604,True,1.0,no_violation,True,compliant,0
test_clip_1_chunk_0186,2025-11-02T12:31:00,residential,day,0,55.0,-55.0,False,construction-site,0.4796,horse,0.5798,True,1.0,no_violation,True,compliant,0
test_clip_1_chunk_0187,2025-11-02T12:31:10,residential,day,0,55.0,-55.0,False,construction-site,0.6806,truck,0.7224,True,1.0,no_violation,True,compliant,0
test_clip_1_chunk_0188,2025-11-02T12:31:20,residential,day,0,55.0,-55.0,False,generator,0.5066,bench,0.5154,True,1.0,no_violation,True,compliant,0
test_clip_1_chunk_0189,2025-11-02T12:31:30,residential,day,0,55.0,-55.0,False,mobile-music,0.9188,none,0.0,False,0.0,no_violation,True,compliant,0
test_clip_1_chunk_0190,2025-11-02T12:31:40,residential,day,0,55.0,-55.0,False,mobile-music,1.0,none,0.0,False,0.1111,no_violation,True,compliant,0
test_clip_1_chunk_0191,2025-11-02T12:31:50,residential,day,0,55.0,-55.0,False,mobile-music,1.0,none,0.0,False,0.0,no_violation,True,compliant,0
test_clip_1_chunk_0192,2025-11-02T12:32:00,residential,day,0,55.0,-55.0,False,mobile-music,1.0,none,0.0,False,0.0,no_violation,True,compliant,0
