event_id,timestamp,zone,time_of_day,noise_level_db,ambient_limit_db,excess_db,noise_exceeded,is_construction_site,construction_confidence,violations,is_compliant,severity,fusion_audio_class,fusion_audio_confidence,fusion_visual_class,fusion_visual_confidence,fusion_score,fusion_alpha,fusion_mode,audio_motorvehicle-horn,video_car,video_person,video_truck,video_motorcycle,video_bus,video_bicycle,video_umbrella,video_skateboard,video_airplane,audio_generator,video_train
YTDown_YouTube_Traffic-Sound-Indian-Traffic-Sound-Traff_Media_9wbA9FVtWF4_001_480p_chunk_0000,2026-06-04T12:00:00,residential,day,65.95,55.0,10.95,True,False,0.0,ambient_exceeded,False,moderate,motorvehicle-horn,0.5585,car,0.8119,0.6599,0.6,audio_visual_late_fusion,0.6599,0.8119,0.7337,0.7088,0.6314,0.5278,,,,,,
YTDown_YouTube_Traffic-Sound-Indian-Traffic-Sound-Traff_Media_9wbA9FVtWF4_001_480p_chunk_0001,2026-06-04T12:00:10,residential,day,60.74,55.0,5.74,True,False,0.0,ambient_exceeded,False,minor,motorvehicle-horn,0.7513,car,0.8366,0.7854,0.6,audio_visual_late_fusion,0.7854,0.8366,0.6251,0.5297,0.5265,,,,,,,
YTDown_YouTube_Traffic-Sound-Indian-Traffic-Sound-Traff_Media_9wbA9FVtWF4_001_480p_chunk_0002,2026-06-04T12:00:20,residential,day,59.27,55.0,4.27,True,False,0.0,ambient_exceeded,False,minor,motorvehicle-horn,0.8965,truck,0.8111,0.8624,0.6,audio_visual_late_fusion,0.8624,0.7441,,0.8111,,,,,,,,
YTDown_YouTube_Traffic-Sound-Indian-Traffic-Sound-Traff_Media_9wbA9FVtWF4_001_480p_chunk_0003,2026-06-04T12:00:30,residential,day,61.11,55.0,6.11,True,False,0.0,ambient_exceeded,False,minor,motorvehicle-horn,0.9588,car,0.8348,0.9092,0.6,audio_visual_late_fusion,0.9092,0.8348,0.8575,0.6756,,0.715,,,,,,
YTDown_YouTube_Traffic-Sound-Indian-Traffic-Sound-Traff_Media_9wbA9FVtWF4_001_480p_chunk_0004,2026-06-04T12:00:40,residential,day,57.69,55.0,2.69,True,False,0.0,ambient_exceeded,False,minor,motorvehicle-horn,0.9573,bus,0.856,0.9168,0.6,audio_visual_late_fusion,0.9168,0.6265,0.5931,0.4051,0.6569,0.856,,,,,,
YTDown_YouTube_Traffic-Sound-Indian-Traffic-Sound-Traff_Media_9wbA9FVtWF4_001_480p_chunk_0005,2026-06-04T12:00:50,residential,day,59.37,55.0,4.37,True,False,0.0,ambient_exceeded,False,minor,motorvehicle-horn,0.966,car,0.7756,0.8898,0.6,audio_visual_late_fusion,0.8898,0.7756,0.6957,0.7178,0.7015,,,,,,,
YTDown_YouTube_Traffic-Sound-Indian-Traffic-Sound-Traff_Media_9wbA9FVtWF4_001_480p_chunk_0006,2026-06-04T12:01:00,residential,day,60.69,55.0,5.69,True,False,0.0,ambient_exceeded,False,minor,motorvehicle-horn,0.9629,truck,0.7472,0.8766,0.6,audio_visual_late_fusion,0.8766,0.6582,0.518,0.7472,0.5656,,,,,,,
YTDown_YouTube_Traffic-Sound-Indian-Traffic-Sound-Traff_Media_9wbA9FVtWF4_001_480p_chunk_0007,2026-06-04T12:01:10,residential,day,63.01,55.0,8.01,True,False,0.0,ambient_exceeded,False,minor,motorvehicle-horn,0.9564,car,0.7782,0.8851,0.6,audio_visual_late_fusion,0.8851,0.7782,0.6716,0.6128,0.7132,,0.6342,,,,,
YTDown_YouTube_Traffic-Sound-Indian-Traffic-Sound-Traff_Media_9wbA9FVtWF4_001_480p_chunk_0008,2026-06-04T12:01:20,residential,day,67.13,55.0,12.13,True,False,0.0,ambient_exceeded,False,moderate,motorvehicle-horn,0.9809,car,0.8503,0.9286,0.6,audio_visual_late_fusion,0.9286,0.8503,0.5685,,0.6737,,,,,,,
YTDown_YouTube_Traffic-Sound-Indian-Traffic-Sound-Traff_Media_9wbA9FVtWF4_001_480p_chunk_0009,2026-06-04T12:01:30,residential,day,63.91,55.0,8.91,True,False,0.0,ambient_exceeded,False,minor,motorvehicle-horn,0.9696,car,0.768,0.889,0.6,audio_visual_late_fusion,0.889,0.768,0.5127,0.6552,0.6487,,,,,,,
YTDown_YouTube_Traffic-Sound-Indian-Traffic-Sound-Traff_Media_9wbA9FVtWF4_001_480p_chunk_0010,2026-06-04T12:01:40,residential,day,61.3,55.0,6.3,True,False,0.0,ambient_exceeded,False,minor,motorvehicle-horn,0.9533,motorcycle,0.6945,0.8498,0.6,audio_visual_late_fusion,0.8498,,0.7737,0.5308,0.6945,,,,,,,
YTDown_YouTube_Traffic-Sound-Indian-Traffic-Sound-Traff_Media_9wbA9FVtWF4_001_480p_chunk_0011,2026-06-04T12:01:50,residential,day,71.23,55.0,16.23,True,False,0.0,ambient_exceeded,False,severe,motorvehicle-horn,0.6203,car,0.7686,0.6796,0.6,audio_visual_late_fusion,0.6796,0.7686,0.5487,0.7157,0.6492,,,,,,,
YTDown_YouTube_Traffic-Sound-Indian-Traffic-Sound-Traff_Media_9wbA9FVtWF4_001_480p_chunk_0012,2026-06-04T12:02:00,residential,day,65.47,55.0,10.47,True,False,0.0,ambient_exceeded,False,moderate,motorvehicle-horn,0.8369,truck,0.8485,0.8415,0.6,audio_visual_late_fusion,0.8415,0.7492,0.6617,0.8485,0.5697,0.5868,,,,,,
YTDown_YouTube_Traffic-Sound-Indian-Traffic-Sound-Traff_Media_9wbA9FVtWF4_001_480p_chunk_0013,2026-06-04T12:02:10,residential,day,70.09,55.0,15.09,True,False,0.0,ambient_exceeded,False,severe,motorvehicle-horn,0.9617,truck,0.7498,0.8769,0.6,audio_visual_late_fusion,0.8769,0.743,0.6177,0.7498,0.7233,0.4306,,,,,,
YTDown_YouTube_Traffic-Sound-Indian-Traffic-Sound-Traff_Media_9wbA9FVtWF4_001_480p_chunk_0014,2026-06-04T12:02:20,residential,day,60.5,55.0,5.5,True,False,0.0,ambient_exceeded,False,minor,motorvehicle-horn,0.9593,car,0.8416,0.9122,0.6,audio_visual_late_fusion,0.9122,0.8416,0.6358,0.693,0.6339,,,,,,,
YTDown_YouTube_Traffic-Sound-Indian-Traffic-Sound-Traff_Media_9wbA9FVtWF4_001_480p_chunk_0015,2026-06-04T12:02:30,residential,day,57.56,55.0,2.56,True,False,0.0,ambient_exceeded,False,minor,motorvehicle-horn,0.9458,truck,0.7954,0.8856,0.6,audio_visual_late_fusion,0.8856,0.7532,0.6686,0.7954,0.7611,,,,,,,
YTDown_YouTube_Traffic-Sound-Indian-Traffic-Sound-Traff_Media_9wbA9FVtWF4_001_480p_chunk_0016,2026-06-04T12:02:40,residential,day,60.2,55.0,5.2,True,False,0.0,ambient_exceeded,False,minor,motorvehicle-horn,0.9637,motorcycle,0.8554,0.9204,0.6,audio_visual_late_fusion,0.9204,,0.5029,0.7784,0.8554,,,,,,,
YTDown_YouTube_Traffic-Sound-Indian-Traffic-Sound-Traff_Media_9wbA9FVtWF4_001_480p_chunk_0017,2026-06-04T12:02:50,residential,day,59.17,55.0,4.17,True,False,0.0,ambient_exceeded,False,minor,motorvehicle-horn,0.9293,motorcycle,0.7775,0.8686,0.6,audio_visual_late_fusion,0.8686,0.6133,0.61,0.6947,0.7775,,,0.4025,,,,
YTDown_YouTube_Traffic-Sound-Indian-Traffic-Sound-Traff_Media_9wbA9FVtWF4_001_480p_chunk_0018,2026-06-04T12:03:00,residential,day,68.55,55.0,13.55,True,False,0.0,ambient_exceeded,False,moderate,motorvehicle-horn,0.9712,motorcycle,0.7007,0.863,0.6,audio_visual_late_fusion,0.863,0.5959,0.7221,0.5464,0.7007,,,0.4557,,,,
YTDown_YouTube_Traffic-Sound-Indian-Traffic-Sound-Traff_Media_9wbA9FVtWF4_001_480p_chunk_0019,2026-06-04T12:03:10,residential,day,63.66,55.0,8.66,True,False,0.0,ambient_exceeded,False,minor,motorvehicle-horn,0.9529,car,0.8199,0.8997,0.6,audio_visual_late_fusion,0.8997,0.8199,0.6887,0.5425,0.7914,,0.5917,,,,,
YTDown_YouTube_Traffic-Sound-Indian-Traffic-Sound-Traff_Media_9wbA9FVtWF4_001_480p_chunk_0020,2026-06-04T12:03:20,residential,day,62.82,55.0,7.82,True,False,0.0,ambient_exceeded,False,minor,motorvehicle-horn,0.9616,car,0.8257,0.9073,0.6,audio_visual_late_fusion,0.9073,0.8257,0.7089,0.6393,0.5652,,,,,,,
YTDown_YouTube_Traffic-Sound-Indian-Traffic-Sound-Traff_Media_9wbA9FVtWF4_001_480p_chunk_0021,2026-06-04T12:03:30,residential,day,68.48,55.0,13.48,True,False,0.0,ambient_exceeded,False,moderate,motorvehicle-horn,0.9661,bus,0.7204,0.8678,0.6,audio_visual_late_fusion,0.8678,0.7147,0.7515,,0.6952,0.7204,0.7035,,,,,
YTDown_YouTube_Traffic-Sound-Indian-Traffic-Sound-Traff_Media_9wbA9FVtWF4_001_480p_chunk_0022,2026-06-04T12:03:40,residential,day,62.55,55.0,7.55,True,False,0.0,ambient_exceeded,False,minor,motorvehicle-horn,0.921,car,0.8149,0.8786,0.6,audio_visual_late_fusion,0.8786,0.8149,0.7895,,0.5932,,,,,,,
YTDown_YouTube_Traffic-Sound-Indian-Traffic-Sound-Traff_Media_9wbA9FVtWF4_001_480p_chunk_0023,2026-06-04T12:03:50,residential,day,63.44,55.0,8.44,True,False,0.0,ambient_exceeded,False,minor,motorvehicle-horn,0.9659,car,0.884,0.9331,0.6,audio_visual_late_fusion,0.9331,0.884,0.7777,,0.5148,,0.5512,,,,,
YTDown_YouTube_Traffic-Sound-Indian-Traffic-Sound-Traff_Media_9wbA9FVtWF4_001_480p_chunk_0024,2026-06-04T12:04:00,residential,day,65.27,55.0,10.27,True,False,0.0,ambient_exceeded,False,moderate,motorvehicle-horn,0.9672,car,0.8593,0.9241,0.6,audio_visual_late_fusion,0.9241,0.8593,0.7921,0.5465,0.6007,0.4685,,,,,,
YTDown_YouTube_Traffic-Sound-Indian-Traffic-Sound-Traff_Media_9wbA9FVtWF4_001_480p_chunk_0025,2026-06-04T12:04:10,residential,day,59.91,55.0,4.91,True,False,0.0,ambient_exceeded,False,minor,motorvehicle-horn,0.9475,car,0.8764,0.9191,0.6,audio_visual_late_fusion,0.9191,0.8764,0.8631,,0.6375,,0.5866,,,,,
YTDown_YouTube_Traffic-Sound-Indian-Traffic-Sound-Traff_Media_9wbA9FVtWF4_001_480p_chunk_0026,2026-06-04T12:04:20,residential,day,55.21,55.0,0.21,True,False,0.0,ambient_exceeded,False,minor,motorvehicle-horn,0.9039,car,0.8334,0.8757,0.6,audio_visual_late_fusion,0.8757,0.8334,0.7874,0.4627,0.5929,0.5466,,,,,,
YTDown_YouTube_Traffic-Sound-Indian-Traffic-Sound-Traff_Media_9wbA9FVtWF4_001_480p_chunk_0027,2026-06-04T12:04:30,residential,day,54.55,55.0,-0.45,False,False,0.0,no_violation,True,compliant,motorvehicle-horn,0.9163,car,0.8642,0.8954,0.6,audio_visual_late_fusion,0.8954,0.8642,0.7949,0.6728,0.7421,,,,,,,
YTDown_YouTube_Traffic-Sound-Indian-Traffic-Sound-Traff_Media_9wbA9FVtWF4_001_480p_chunk_0028,2026-06-04T12:04:40,residential,day,53.62,55.0,-1.38,False,False,0.0,no_violation,True,compliant,motorvehicle-horn,0.8535,car,0.8266,0.8427,0.6,audio_visual_late_fusion,0.8427,0.8266,0.6632,0.5788,0.7134,,,,,,,
YTDown_YouTube_Traffic-Sound-Indian-Traffic-Sound-Traff_Media_9wbA9FVtWF4_001_480p_chunk_0029,2026-06-04T12:04:50,residential,day,54.98,55.0,-0.02,False,False,0.0,no_violation,True,compliant,motorvehicle-horn,0.9096,car,0.7181,0.833,0.6,audio_visual_late_fusion,0.833,0.7181,0.6489,0.6284,0.5298,,,,,,,
YTDown_YouTube_Traffic-Sound-Indian-Traffic-Sound-Traff_Media_9wbA9FVtWF4_001_480p_chunk_0030,2026-06-04T12:05:00,residential,day,69.66,55.0,14.66,True,False,0.0,ambient_exceeded,False,moderate,motorvehicle-horn,0.5055,truck,0.6476,0.5623,0.6,audio_visual_late_fusion,0.5623,0.5559,0.821,0.6476,,,,0.5302,0.5409,,,
YTDown_YouTube_Traffic-Sound-Indian-Traffic-Sound-Traff_Media_9wbA9FVtWF4_001_480p_chunk_0031,2026-06-04T12:05:10,residential,day,58.47,55.0,3.47,True,False,0.0,ambient_exceeded,False,minor,motorvehicle-horn,0.8535,car,0.7542,0.8138,0.6,audio_visual_late_fusion,0.8138,0.7542,0.7967,0.4151,0.5131,0.4544,,,,,,
YTDown_YouTube_Traffic-Sound-Indian-Traffic-Sound-Traff_Media_9wbA9FVtWF4_001_480p_chunk_0032,2026-06-04T12:05:20,residential,day,62.12,55.0,7.12,True,False,0.0,ambient_exceeded,False,minor,motorvehicle-horn,0.9708,car,0.8296,0.9143,0.6,audio_visual_late_fusion,0.9143,0.8296,0.7349,0.4899,0.5776,,,,,0.3835,,
YTDown_YouTube_Traffic-Sound-Indian-Traffic-Sound-Traff_Media_9wbA9FVtWF4_001_480p_chunk_0033,2026-06-04T12:05:30,residential,day,60.15,55.0,5.15,True,False,0.0,ambient_exceeded,False,minor,motorvehicle-horn,0.9584,car,0.6838,0.8485,0.6,audio_visual_late_fusion,0.8485,0.6838,0.6032,0.6387,0.4058,,0.6222,,,,,
YTDown_YouTube_Traffic-Sound-Indian-Traffic-Sound-Traff_Media_9wbA9FVtWF4_001_480p_chunk_0034,2026-06-04T12:05:40,residential,day,61.0,55.0,6.0,True,False,0.0,ambient_exceeded,False,minor,motorvehicle-horn,0.9074,bus,0.7554,0.8466,0.6,audio_visual_late_fusion,0.8466,0.7553,0.4858,0.6205,0.6659,0.7554,,,,,,
YTDown_YouTube_Traffic-Sound-Indian-Traffic-Sound-Traff_Media_9wbA9FVtWF4_001_480p_chunk_0035,2026-06-04T12:05:50,residential,day,62.06,55.0,7.06,True,False,0.0,ambient_exceeded,False,minor,motorvehicle-horn,0.9842,truck,0.8512,0.931,0.6,audio_visual_late_fusion,0.931,0.7208,0.6989,0.8512,0.7034,0.6978,,,,,,
YTDown_YouTube_Traffic-Sound-Indian-Traffic-Sound-Traff_Media_9wbA9FVtWF4_001_480p_chunk_0036,2026-06-04T12:06:00,residential,day,60.57,55.0,5.57,True,False,0.0,ambient_exceeded,False,minor,motorvehicle-horn,0.9469,motorcycle,0.8079,0.8913,0.6,audio_visual_late_fusion,0.8913,0.7333,0.802,0.5343,0.8079,,,,,,,
YTDown_YouTube_Traffic-Sound-Indian-Traffic-Sound-Traff_Media_9wbA9FVtWF4_001_480p_chunk_0037,2026-06-04T12:06:10,residential,day,64.15,55.0,9.15,True,False,0.0,ambient_exceeded,False,minor,motorvehicle-horn,0.9341,car,0.8921,0.9173,0.6,audio_visual_late_fusion,0.9173,0.8921,0.6887,0.4684,0.6148,,,,,,,
YTDown_YouTube_Traffic-Sound-Indian-Traffic-Sound-Traff_Media_9wbA9FVtWF4_001_480p_chunk_0038,2026-06-04T12:06:20,residential,day,64.25,55.0,9.25,True,False,0.0,ambient_exceeded,False,minor,motorvehicle-horn,0.9477,car,0.7646,0.8745,0.6,audio_visual_late_fusion,0.8745,0.7646,0.6012,0.6071,0.5203,,,0.4388,,,,
YTDown_YouTube_Traffic-Sound-Indian-Traffic-Sound-Traff_Media_9wbA9FVtWF4_001_480p_chunk_0039,2026-06-04T12:06:30,residential,day,62.03,55.0,7.03,True,False,0.0,ambient_exceeded,False,minor,motorvehicle-horn,0.8899,car,0.5805,0.7661,0.6,audio_visual_late_fusion,0.7661,0.5805,0.6552,,0.5737,0.5781,,,,,,
YTDown_YouTube_Traffic-Sound-Indian-Traffic-Sound-Traff_Media_9wbA9FVtWF4_001_480p_chunk_0040,2026-06-04T12:06:40,residential,day,57.74,55.0,2.74,True,False,0.0,ambient_exceeded,False,minor,motorvehicle-horn,0.9319,bus,0.6259,0.8095,0.6,audio_visual_late_fusion,0.8095,0.3932,0.8166,,0.4508,0.6259,,,,,,
YTDown_YouTube_Traffic-Sound-Indian-Traffic-Sound-Traff_Media_9wbA9FVtWF4_001_480p_chunk_0041,2026-06-04T12:06:50,residential,day,58.49,55.0,3.49,True,False,0.0,ambient_exceeded,False,minor,motorvehicle-horn,0.9225,motorcycle,0.554,0.7751,0.6,audio_visual_late_fusion,0.7751,,0.6069,,0.554,0.3993,,,,,,
YTDown_YouTube_Traffic-Sound-Indian-Traffic-Sound-Traff_Media_9wbA9FVtWF4_001_480p_chunk_0042,2026-06-04T12:07:00,residential,day,61.91,55.0,6.91,True,False,0.0,ambient_exceeded,False,minor,generator,0.9001,truck,0.414,0.7057,0.6,audio_visual_late_fusion,,0.4777,0.6351,,0.575,,0.6889,0.4244,,,0.7057,
YTDown_YouTube_Traffic-Sound-Indian-Traffic-Sound-Traff_Media_9wbA9FVtWF4_001_480p_chunk_0043,2026-06-04T12:07:10,residential,day,60.69,55.0,5.69,True,False,0.0,ambient_exceeded,False,minor,motorvehicle-horn,0.936,car,0.6402,0.8176,0.6,audio_visual_late_fusion,0.8176,0.6402,0.7136,,0.5355,,,0.4045,,,,
YTDown_YouTube_Traffic-Sound-Indian-Traffic-Sound-Traff_Media_9wbA9FVtWF4_001_480p_chunk_0044,2026-06-04T12:07:20,residential,day,61.13,55.0,6.13,True,False,0.0,ambient_exceeded,False,minor,motorvehicle-horn,0.9513,bus,0.7035,0.8522,0.6,audio_visual_late_fusion,0.8522,0.667,0.5906,0.5995,0.6224,0.7035,,,,,,
YTDown_YouTube_Traffic-Sound-Indian-Traffic-Sound-Traff_Media_9wbA9FVtWF4_001_480p_chunk_0045,2026-06-04T12:07:30,residential,day,71.51,55.0,16.51,True,False,0.0,ambient_exceeded,False,severe,motorvehicle-horn,0.9194,car,0.7207,0.8399,0.6,audio_visual_late_fusion,0.8399,0.7207,0.6696,0.4598,0.598,0.6719,,,,,,
YTDown_YouTube_Traffic-Sound-Indian-Traffic-Sound-Traff_Media_9wbA9FVtWF4_001_480p_chunk_0046,2026-06-04T12:07:40,residential,day,68.98,55.0,13.98,True,False,0.0,ambient_exceeded,False,moderate,motorvehicle-horn,0.9295,car,0.7449,0.8557,0.6,audio_visual_late_fusion,0.8557,0.7449,0.6162,,0.4941,0.5735,,,,,,0.525
YTDown_YouTube_Traffic-Sound-Indian-Traffic-Sound-Traff_Media_9wbA9FVtWF4_001_480p_chunk_0047,2026-06-04T12:07:50,residential,day,64.9,55.0,9.9,True,False,0.0,ambient_exceeded,False,minor,motorvehicle-horn,0.8971,motorcycle,0.6129,0.7835,0.6,audio_visual_late_fusion,0.7835,,0.7451,0.5716,0.6129,,,,,,,0.4079
YTDown_YouTube_Traffic-Sound-Indian-Traffic-Sound-Traff_Media_9wbA9FVtWF4_001_480p_chunk_0048,2026-06-04T12:08:00,residential,day,64.94,55.0,9.94,True,False,0.0,ambient_exceeded,False,minor,motorvehicle-horn,0.6818,motorcycle,0.7457,0.7074,0.6,audio_visual_late_fusion,0.7074,0.5608,0.6893,0.6286,0.7457,,,0.465,,,,
YTDown_YouTube_Traffic-Sound-Indian-Traffic-Sound-Traff_Media_9wbA9FVtWF4_001_480p_chunk_0049,2026-06-04T12:08:10,residential,day,69.26,55.0,14.26,True,False,0.0,ambient_exceeded,False,moderate,motorvehicle-horn,0.914,motorcycle,0.6954,0.8266,0.6,audio_visual_late_fusion,0.8266,0.5879,0.6965,0.5313,0.6954,0.4716,,,,,,
YTDown_YouTube_Traffic-Sound-Indian-Traffic-Sound-Traff_Media_9wbA9FVtWF4_001_480p_chunk_0050,2026-06-04T12:08:20,residential,day,63.13,55.0,8.13,True,False,0.0,ambient_exceeded,False,minor,motorvehicle-horn,0.9191,car,0.6641,0.8171,0.6,audio_visual_late_fusion,0.8171,0.6641,0.759,0.5505,0.5676,0.5258,,,,,,
YTDown_YouTube_Traffic-Sound-Indian-Traffic-Sound-Traff_Media_9wbA9FVtWF4_001_480p_chunk_0051,2026-06-04T12:08:30,residential,day,54.88,55.0,-0.12,False,False,0.0,no_violation,True,compliant,motorvehicle-horn,0.8926,bus,0.5757,0.7658,0.6,audio_visual_late_fusion,0.7658,,0.7855,,,0.5757,,,,,,
