filename,filepath,predicted_class_id,predicted_class_name,confidence,prob_crowd-noise,prob_generator,prob_motorvehicle-horn,prob_mobile-music,prob_community-radio,prob_construction-site,prob_motorvehicle-siren,prob_car-alarm
test_traffic_vid_1_chunk_0000.wav,D:\Projects\UrbanNoiseClassifier\project\pre_inference\processed_media\audio_chunks\test_traffic_vid_1_chunk_0000.wav,2,motorvehicle-horn,0.44113805890083313,0.2077176570892334,0.04673196002840996,0.44113805890083313,0.012068050913512707,0.16773967444896698,0.04067244008183479,0.07092878222465515,0.013003434054553509
test_traffic_vid_1_chunk_0000.wav,D:\Projects\UrbanNoiseClassifier\project\pre_inference\processed_media\audio_chunks\test_traffic_vid_1_chunk_0000.wav,2,motorvehicle-horn,0.44113805890083313,0.2077176570892334,0.04673196002840996,0.44113805890083313,0.012068050913512707,0.16773967444896698,0.04067244008183479,0.07092878222465515,0.013003434054553509
test_traffic_vid_1_chunk_0001.wav,D:\Projects\UrbanNoiseClassifier\project\pre_inference\processed_media\audio_chunks\test_traffic_vid_1_chunk_0001.wav,2,motorvehicle-horn,0.710613489151001,0.023922430351376534,0.15035361051559448,0.710613489151001,0.005492844618856907,0.0074097951874136925,0.012554255314171314,0.08648689091205597,0.0031667116563767195
test_traffic_vid_1_chunk_0001.wav,D:\Projects\UrbanNoiseClassifier\project\pre_inference\processed_media\audio_chunks\test_traffic_vid_1_chunk_0001.wav,2,motorvehicle-horn,0.710613489151001,0.023922430351376534,0.15035361051559448,0.710613489151001,0.005492844618856907,0.0074097951874136925,0.012554255314171314,0.08648689091205597,0.0031667116563767195
test_traffic_vid_1_chunk_0002.wav,D:\Projects\UrbanNoiseClassifier\project\pre_inference\processed_media\audio_chunks\test_traffic_vid_1_chunk_0002.wav,2,motorvehicle-horn,0.4907485842704773,0.03741440549492836,0.27030158042907715,0.4907485842704773,0.008035751059651375,0.011017472483217716,0.018949873745441437,0.15529510378837585,0.008237229660153389
test_traffic_vid_1_chunk_0002.wav,D:\Projects\UrbanNoiseClassifier\project\pre_inference\processed_media\audio_chunks\test_traffic_vid_1_chunk_0002.wav,2,motorvehicle-horn,0.4907485842704773,0.03741440549492836,0.27030158042907715,0.4907485842704773,0.008035751059651375,0.011017472483217716,0.018949873745441437,0.15529510378837585,0.008237229660153389
test_traffic_vid_1_chunk_0003.wav,D:\Projects\UrbanNoiseClassifier\project\pre_inference\processed_media\audio_chunks\test_traffic_vid_1_chunk_0003.wav,6,motorvehicle-siren,0.3363097608089447,0.021813783794641495,0.28935158252716064,0.29753240942955017,0.01109842024743557,0.015797799453139305,0.02244304120540619,0.3363097608089447,0.005653239320963621
test_traffic_vid_1_chunk_0003.wav,D:\Projects\UrbanNoiseClassifier\project\pre_inference\processed_media\audio_chunks\test_traffic_vid_1_chunk_0003.wav,6,motorvehicle-siren,0.3363097608089447,0.021813783794641495,0.28935158252716064,0.29753240942955017,0.01109842024743557,0.015797799453139305,0.02244304120540619,0.3363097608089447,0.005653239320963621
test_traffic_vid_1_chunk_0004.wav,D:\Projects\UrbanNoiseClassifier\project\pre_inference\processed_media\audio_chunks\test_traffic_vid_1_chunk_0004.wav,1,generator,0.8343265056610107,0.008767121471464634,0.8343265056610107,0.05937168374657631,0.0057412018068134785,0.02000700868666172,0.027318472042679787,0.03992196545004845,0.004546040669083595
test_traffic_vid_1_chunk_0004.wav,D:\Projects\UrbanNoiseClassifier\project\pre_inference\processed_media\audio_chunks\test_traffic_vid_1_chunk_0004.wav,1,generator,0.8343265056610107,0.008767121471464634,0.8343265056610107,0.05937168374657631,0.0057412018068134785,0.02000700868666172,0.027318472042679787,0.03992196545004845,0.004546040669083595
test_traffic_vid_1_chunk_0005.wav,D:\Projects\UrbanNoiseClassifier\project\pre_inference\processed_media\audio_chunks\test_traffic_vid_1_chunk_0005.wav,2,motorvehicle-horn,0.42717814445495605,0.02013523131608963,0.3813244700431824,0.42717814445495605,0.012754615396261215,0.04064534977078438,0.038842327892780304,0.07327164709568024,0.0058481949381530285
test_traffic_vid_1_chunk_0005.wav,D:\Projects\UrbanNoiseClassifier\project\pre_inference\processed_media\audio_chunks\test_traffic_vid_1_chunk_0005.wav,2,motorvehicle-horn,0.42717814445495605,0.02013523131608963,0.3813244700431824,0.42717814445495605,0.012754615396261215,0.04064534977078438,0.038842327892780304,0.07327164709568024,0.0058481949381530285
test_traffic_vid_1_chunk_0006.wav,D:\Projects\UrbanNoiseClassifier\project\pre_inference\processed_media\audio_chunks\test_traffic_vid_1_chunk_0006.wav,6,motorvehicle-siren,0.47778406739234924,0.004945468157529831,0.21296820044517517,0.12067331373691559,0.00862463004887104,0.1143050342798233,0.04960601404309273,0.47778406739234924,0.01109328307211399
test_traffic_vid_1_chunk_0006.wav,D:\Projects\UrbanNoiseClassifier\project\pre_inference\processed_media\audio_chunks\test_traffic_vid_1_chunk_0006.wav,6,motorvehicle-siren,0.47778406739234924,0.004945468157529831,0.21296820044517517,0.12067331373691559,0.00862463004887104,0.1143050342798233,0.04960601404309273,0.47778406739234924,0.01109328307211399
test_traffic_vid_1_chunk_0007.wav,D:\Projects\UrbanNoiseClassifier\project\pre_inference\processed_media\audio_chunks\test_traffic_vid_1_chunk_0007.wav,2,motorvehicle-horn,0.6324647665023804,0.04095572605729103,0.1285514533519745,0.6324647665023804,0.008704587817192078,0.04621623083949089,0.022148212417960167,0.11113066971302032,0.009828350506722927
test_traffic_vid_1_chunk_0007.wav,D:\Projects\UrbanNoiseClassifier\project\pre_inference\processed_media\audio_chunks\test_traffic_vid_1_chunk_0007.wav,2,motorvehicle-horn,0.6324647665023804,0.04095572605729103,0.1285514533519745,0.6324647665023804,0.008704587817192078,0.04621623083949089,0.022148212417960167,0.11113066971302032,0.009828350506722927
test_traffic_vid_1_chunk_0008.wav,D:\Projects\UrbanNoiseClassifier\project\pre_inference\processed_media\audio_chunks\test_traffic_vid_1_chunk_0008.wav,2,motorvehicle-horn,0.6170138716697693,0.02699011005461216,0.14438939094543457,0.6170138716697693,0.02702273242175579,0.027576714754104614,0.07303949445486069,0.06893053650856018,0.015037182718515396
test_traffic_vid_1_chunk_0008.wav,D:\Projects\UrbanNoiseClassifier\project\pre_inference\processed_media\audio_chunks\test_traffic_vid_1_chunk_0008.wav,2,motorvehicle-horn,0.6170138716697693,0.02699011005461216,0.14438939094543457,0.6170138716697693,0.02702273242175579,0.027576714754104614,0.07303949445486069,0.06893053650856018,0.015037182718515396
test_traffic_vid_1_chunk_0009.wav,D:\Projects\UrbanNoiseClassifier\project\pre_inference\processed_media\audio_chunks\test_traffic_vid_1_chunk_0009.wav,2,motorvehicle-horn,0.731432318687439,0.0686519518494606,0.05492033064365387,0.731432318687439,0.007835060358047485,0.016173744574189186,0.014324470423161983,0.1018027737736702,0.004859314765781164
test_traffic_vid_1_chunk_0009.wav,D:\Projects\UrbanNoiseClassifier\project\pre_inference\processed_media\audio_chunks\test_traffic_vid_1_chunk_0009.wav,2,motorvehicle-horn,0.731432318687439,0.0686519518494606,0.05492033064365387,0.731432318687439,0.007835060358047485,0.016173744574189186,0.014324470423161983,0.1018027737736702,0.004859314765781164
test_traffic_vid_1_chunk_0010.wav,D:\Projects\UrbanNoiseClassifier\project\pre_inference\processed_media\audio_chunks\test_traffic_vid_1_chunk_0010.wav,2,motorvehicle-horn,0.7395190000534058,0.1613742709159851,0.014421962201595306,0.7395190000534058,0.004258493892848492,0.01209088321775198,0.011606628075242043,0.05178491026163101,0.004943855106830597
test_traffic_vid_1_chunk_0010.wav,D:\Projects\UrbanNoiseClassifier\project\pre_inference\processed_media\audio_chunks\test_traffic_vid_1_chunk_0010.wav,2,motorvehicle-horn,0.7395190000534058,0.1613742709159851,0.014421962201595306,0.7395190000534058,0.004258493892848492,0.01209088321775198,0.011606628075242043,0.05178491026163101,0.004943855106830597
test_traffic_vid_1_chunk_0011.wav,D:\Projects\UrbanNoiseClassifier\project\pre_inference\processed_media\audio_chunks\test_traffic_vid_1_chunk_0011.wav,2,motorvehicle-horn,0.6328171491622925,0.03487038612365723,0.1399441957473755,0.6328171491622925,0.007249163929373026,0.02545393630862236,0.036068227142095566,0.11942874640226364,0.004168218933045864
test_traffic_vid_1_chunk_0011.wav,D:\Projects\UrbanNoiseClassifier\project\pre_inference\processed_media\audio_chunks\test_traffic_vid_1_chunk_0011.wav,2,motorvehicle-horn,0.6328171491622925,0.03487038612365723,0.1399441957473755,0.6328171491622925,0.007249163929373026,0.02545393630862236,0.036068227142095566,0.11942874640226364,0.004168218933045864
test_traffic_vid_1_chunk_0012.wav,D:\Projects\UrbanNoiseClassifier\project\pre_inference\processed_media\audio_chunks\test_traffic_vid_1_chunk_0012.wav,2,motorvehicle-horn,0.8843081593513489,0.009141182526946068,0.040812741965055466,0.8843081593513489,0.0013262717984616756,0.007060883101075888,0.046299390494823456,0.008620956912636757,0.0024303938262164593
test_traffic_vid_1_chunk_0012.wav,D:\Projects\UrbanNoiseClassifier\project\pre_inference\processed_media\audio_chunks\test_traffic_vid_1_chunk_0012.wav,2,motorvehicle-horn,0.8843081593513489,0.009141182526946068,0.040812741965055466,0.8843081593513489,0.0013262717984616756,0.007060883101075888,0.046299390494823456,0.008620956912636757,0.0024303938262164593
test_traffic_vid_1_chunk_0013.wav,D:\Projects\UrbanNoiseClassifier\project\pre_inference\processed_media\audio_chunks\test_traffic_vid_1_chunk_0013.wav,1,generator,0.874580979347229,0.0051277438178658485,0.874580979347229,0.08485312014818192,2.8580392609001137e-05,0.004167916253209114,0.02949177660048008,0.0015787349548190832,0.00017105018196161836
test_traffic_vid_1_chunk_0013.wav,D:\Projects\UrbanNoiseClassifier\project\pre_inference\processed_media\audio_chunks\test_traffic_vid_1_chunk_0013.wav,1,generator,0.874580979347229,0.0051277438178658485,0.874580979347229,0.08485312014818192,2.8580392609001137e-05,0.004167916253209114,0.02949177660048008,0.0015787349548190832,0.00017105018196161836
test_traffic_vid_1_chunk_0014.wav,D:\Projects\UrbanNoiseClassifier\project\pre_inference\processed_media\audio_chunks\test_traffic_vid_1_chunk_0014.wav,1,generator,0.6008214354515076,0.009434358216822147,0.6008214354515076,0.33228442072868347,0.004522740375250578,0.005272767040878534,0.03230458125472069,0.012464426457881927,0.002895260462537408
test_traffic_vid_1_chunk_0014.wav,D:\Projects\UrbanNoiseClassifier\project\pre_inference\processed_media\audio_chunks\test_traffic_vid_1_chunk_0014.wav,1,generator,0.6008214354515076,0.009434358216822147,0.6008214354515076,0.33228442072868347,0.004522740375250578,0.005272767040878534,0.03230458125472069,0.012464426457881927,0.002895260462537408
test_traffic_vid_1_chunk_0015.wav,D:\Projects\UrbanNoiseClassifier\project\pre_inference\processed_media\audio_chunks\test_traffic_vid_1_chunk_0015.wav,1,generator,0.4038012623786926,0.005559081211686134,0.4038012623786926,0.06849481910467148,0.049423880875110626,0.06425867229700089,0.04693705588579178,0.35776248574256897,0.003762691281735897
test_traffic_vid_1_chunk_0015.wav,D:\Projects\UrbanNoiseClassifier\project\pre_inference\processed_media\audio_chunks\test_traffic_vid_1_chunk_0015.wav,1,generator,0.4038012623786926,0.005559081211686134,0.4038012623786926,0.06849481910467148,0.049423880875110626,0.06425867229700089,0.04693705588579178,0.35776248574256897,0.003762691281735897
test_traffic_vid_1_chunk_0016.wav,D:\Projects\UrbanNoiseClassifier\project\pre_inference\processed_media\audio_chunks\test_traffic_vid_1_chunk_0016.wav,2,motorvehicle-horn,0.8264816999435425,0.02430698089301586,0.04783322289586067,0.8264816999435425,0.004366885405033827,0.011486046016216278,0.010293516330420971,0.06988222151994705,0.005349475424736738
test_traffic_vid_1_chunk_0016.wav,D:\Projects\UrbanNoiseClassifier\project\pre_inference\processed_media\audio_chunks\test_traffic_vid_1_chunk_0016.wav,2,motorvehicle-horn,0.8264816999435425,0.02430698089301586,0.04783322289586067,0.8264816999435425,0.004366885405033827,0.011486046016216278,0.010293516330420971,0.06988222151994705,0.005349475424736738
test_traffic_vid_1_chunk_0017.wav,D:\Projects\UrbanNoiseClassifier\project\pre_inference\processed_media\audio_chunks\test_traffic_vid_1_chunk_0017.wav,2,motorvehicle-horn,0.497788667678833,0.028813306242227554,0.35811102390289307,0.497788667678833,0.01343111228197813,0.018975356593728065,0.04424498602747917,0.023118743672966957,0.015516872517764568
test_traffic_vid_1_chunk_0017.wav,D:\Projects\UrbanNoiseClassifier\project\pre_inference\processed_media\audio_chunks\test_traffic_vid_1_chunk_0017.wav,2,motorvehicle-horn,0.497788667678833,0.028813306242227554,0.35811102390289307,0.497788667678833,0.01343111228197813,0.018975356593728065,0.04424498602747917,0.023118743672966957,0.015516872517764568
test_traffic_vid_1_chunk_0018.wav,D:\Projects\UrbanNoiseClassifier\project\pre_inference\processed_media\audio_chunks\test_traffic_vid_1_chunk_0018.wav,1,generator,0.4354366064071655,0.009369293227791786,0.4354366064071655,0.1706666797399521,0.010657893493771553,0.052725899964571,0.1197265163064003,0.17870889604091644,0.022708212956786156
test_traffic_vid_1_chunk_0018.wav,D:\Projects\UrbanNoiseClassifier\project\pre_inference\processed_media\audio_chunks\test_traffic_vid_1_chunk_0018.wav,1,generator,0.4354366064071655,0.009369293227791786,0.4354366064071655,0.1706666797399521,0.010657893493771553,0.052725899964571,0.1197265163064003,0.17870889604091644,0.022708212956786156
test_traffic_vid_1_chunk_0019.wav,D:\Projects\UrbanNoiseClassifier\project\pre_inference\processed_media\audio_chunks\test_traffic_vid_1_chunk_0019.wav,1,generator,0.397443950176239,0.019238874316215515,0.397443950176239,0.2058287411928177,0.009462269023060799,0.07355820387601852,0.05778295919299126,0.21629343926906586,0.02039157971739769
test_traffic_vid_1_chunk_0019.wav,D:\Projects\UrbanNoiseClassifier\project\pre_inference\processed_media\audio_chunks\test_traffic_vid_1_chunk_0019.wav,1,generator,0.397443950176239,0.019238874316215515,0.397443950176239,0.2058287411928177,0.009462269023060799,0.07355820387601852,0.05778295919299126,0.21629343926906586,0.02039157971739769
test_traffic_vid_1_chunk_0020.wav,D:\Projects\UrbanNoiseClassifier\project\pre_inference\processed_media\audio_chunks\test_traffic_vid_1_chunk_0020.wav,2,motorvehicle-horn,0.3561633825302124,0.027920827269554138,0.32070061564445496,0.3561633825302124,0.03062969073653221,0.02694808878004551,0.08306768536567688,0.13812801241874695,0.01644163578748703
test_traffic_vid_1_chunk_0020.wav,D:\Projects\UrbanNoiseClassifier\project\pre_inference\processed_media\audio_chunks\test_traffic_vid_1_chunk_0020.wav,2,motorvehicle-horn,0.3561633825302124,0.027920827269554138,0.32070061564445496,0.3561633825302124,0.03062969073653221,0.02694808878004551,0.08306768536567688,0.13812801241874695,0.01644163578748703
test_traffic_vid_1_chunk_0021.wav,D:\Projects\UrbanNoiseClassifier\project\pre_inference\processed_media\audio_chunks\test_traffic_vid_1_chunk_0021.wav,2,motorvehicle-horn,0.46466249227523804,0.06197887286543846,0.08389962464570999,0.46466249227523804,0.012616555206477642,0.017006132751703262,0.025338301435112953,0.32307979464530945,0.011418163776397705
test_traffic_vid_1_chunk_0021.wav,D:\Projects\UrbanNoiseClassifier\project\pre_inference\processed_media\audio_chunks\test_traffic_vid_1_chunk_0021.wav,2,motorvehicle-horn,0.46466249227523804,0.06197887286543846,0.08389962464570999,0.46466249227523804,0.012616555206477642,0.017006132751703262,0.025338301435112953,0.32307979464530945,0.011418163776397705
test_traffic_vid_1_chunk_0022.wav,D:\Projects\UrbanNoiseClassifier\project\pre_inference\processed_media\audio_chunks\test_traffic_vid_1_chunk_0022.wav,6,motorvehicle-siren,0.7279927730560303,0.005311431363224983,0.09915958344936371,0.14486654102802277,0.003722748253494501,0.007916530594229698,0.007881637662649155,0.7279927730560303,0.0031487697269767523
test_traffic_vid_1_chunk_0022.wav,D:\Projects\UrbanNoiseClassifier\project\pre_inference\processed_media\audio_chunks\test_traffic_vid_1_chunk_0022.wav,6,motorvehicle-siren,0.7279927730560303,0.005311431363224983,0.09915958344936371,0.14486654102802277,0.003722748253494501,0.007916530594229698,0.007881637662649155,0.7279927730560303,0.0031487697269767523
test_traffic_vid_1_chunk_0023.wav,D:\Projects\UrbanNoiseClassifier\project\pre_inference\processed_media\audio_chunks\test_traffic_vid_1_chunk_0023.wav,1,generator,0.7327136993408203,0.008363185450434685,0.7327136993408203,0.12485770136117935,0.007731964811682701,0.012478542514145374,0.030440624803304672,0.07866206020116806,0.004752292297780514
test_traffic_vid_1_chunk_0023.wav,D:\Projects\UrbanNoiseClassifier\project\pre_inference\processed_media\audio_chunks\test_traffic_vid_1_chunk_0023.wav,1,generator,0.7327136993408203,0.008363185450434685,0.7327136993408203,0.12485770136117935,0.007731964811682701,0.012478542514145374,0.030440624803304672,0.07866206020116806,0.004752292297780514
test_traffic_vid_1_chunk_0024.wav,D:\Projects\UrbanNoiseClassifier\project\pre_inference\processed_media\audio_chunks\test_traffic_vid_1_chunk_0024.wav,2,motorvehicle-horn,0.5593792796134949,0.04636894911527634,0.12188798934221268,0.5593792796134949,0.005868665408343077,0.006947487127035856,0.011485693044960499,0.24621009826660156,0.0018518902361392975
test_traffic_vid_1_chunk_0024.wav,D:\Projects\UrbanNoiseClassifier\project\pre_inference\processed_media\audio_chunks\test_traffic_vid_1_chunk_0024.wav,2,motorvehicle-horn,0.5593792796134949,0.04636894911527634,0.12188798934221268,0.5593792796134949,0.005868665408343077,0.006947487127035856,0.011485693044960499,0.24621009826660156,0.0018518902361392975
test_traffic_vid_1_chunk_0025.wav,D:\Projects\UrbanNoiseClassifier\project\pre_inference\processed_media\audio_chunks\test_traffic_vid_1_chunk_0025.wav,1,generator,0.3827653229236603,0.05054914206266403,0.3827653229236603,0.25027477741241455,0.020520547404885292,0.02896992489695549,0.07027029246091843,0.17493155598640442,0.02171843685209751
test_traffic_vid_1_chunk_0025.wav,D:\Projects\UrbanNoiseClassifier\project\pre_inference\processed_media\audio_chunks\test_traffic_vid_1_chunk_0025.wav,1,generator,0.3827653229236603,0.05054914206266403,0.3827653229236603,0.25027477741241455,0.020520547404885292,0.02896992489695549,0.07027029246091843,0.17493155598640442,0.02171843685209751
test_traffic_vid_1_chunk_0026.wav,D:\Projects\UrbanNoiseClassifier\project\pre_inference\processed_media\audio_chunks\test_traffic_vid_1_chunk_0026.wav,2,motorvehicle-horn,0.5588750839233398,0.088544100522995,0.21562466025352478,0.5588750839233398,0.008087817579507828,0.0174822099506855,0.02219262905418873,0.07584159076213837,0.013351881876587868
test_traffic_vid_1_chunk_0026.wav,D:\Projects\UrbanNoiseClassifier\project\pre_inference\processed_media\audio_chunks\test_traffic_vid_1_chunk_0026.wav,2,motorvehicle-horn,0.5588750839233398,0.088544100522995,0.21562466025352478,0.5588750839233398,0.008087817579507828,0.0174822099506855,0.02219262905418873,0.07584159076213837,0.013351881876587868
test_traffic_vid_1_chunk_0027.wav,D:\Projects\UrbanNoiseClassifier\project\pre_inference\processed_media\audio_chunks\test_traffic_vid_1_chunk_0027.wav,6,motorvehicle-siren,0.5371288061141968,0.023129884153604507,0.28780093789100647,0.11716977506875992,0.005649481900036335,0.0025007911026477814,0.023925883695483208,0.5371288061141968,0.0026943879202008247
test_traffic_vid_1_chunk_0027.wav,D:\Projects\UrbanNoiseClassifier\project\pre_inference\processed_media\audio_chunks\test_traffic_vid_1_chunk_0027.wav,6,motorvehicle-siren,0.5371288061141968,0.023129884153604507,0.28780093789100647,0.11716977506875992,0.005649481900036335,0.0025007911026477814,0.023925883695483208,0.5371288061141968,0.0026943879202008247
test_traffic_vid_1_chunk_0028.wav,D:\Projects\UrbanNoiseClassifier\project\pre_inference\processed_media\audio_chunks\test_traffic_vid_1_chunk_0028.wav,2,motorvehicle-horn,0.5684611201286316,0.07202838361263275,0.021190376952290535,0.5684611201286316,0.00435623386874795,0.007541526574641466,0.02137640118598938,0.29951944947242737,0.005526445806026459
test_traffic_vid_1_chunk_0028.wav,D:\Projects\UrbanNoiseClassifier\project\pre_inference\processed_media\audio_chunks\test_traffic_vid_1_chunk_0028.wav,2,motorvehicle-horn,0.5684611201286316,0.07202838361263275,0.021190376952290535,0.5684611201286316,0.00435623386874795,0.007541526574641466,0.02137640118598938,0.29951944947242737,0.005526445806026459
test_traffic_vid_1_chunk_0029.wav,D:\Projects\UrbanNoiseClassifier\project\pre_inference\processed_media\audio_chunks\test_traffic_vid_1_chunk_0029.wav,2,motorvehicle-horn,0.3577932119369507,0.018266629427671432,0.2740992605686188,0.3577932119369507,0.016396088525652885,0.10917416214942932,0.046860359609127045,0.16590943932533264,0.011500876396894455
test_traffic_vid_1_chunk_0029.wav,D:\Projects\UrbanNoiseClassifier\project\pre_inference\processed_media\audio_chunks\test_traffic_vid_1_chunk_0029.wav,2,motorvehicle-horn,0.3577932119369507,0.018266629427671432,0.2740992605686188,0.3577932119369507,0.016396088525652885,0.10917416214942932,0.046860359609127045,0.16590943932533264,0.011500876396894455
test_traffic_vid_1_chunk_0030.wav,D:\Projects\UrbanNoiseClassifier\project\pre_inference\processed_media\audio_chunks\test_traffic_vid_1_chunk_0030.wav,1,generator,0.37886136770248413,0.011161764152348042,0.37886136770248413,0.2564105689525604,0.010775222443044186,0.08032339066267014,0.039382968097925186,0.21284286677837372,0.010241861455142498
test_traffic_vid_1_chunk_0030.wav,D:\Projects\UrbanNoiseClassifier\project\pre_inference\processed_media\audio_chunks\test_traffic_vid_1_chunk_0030.wav,1,generator,0.37886136770248413,0.011161764152348042,0.37886136770248413,0.2564105689525604,0.010775222443044186,0.08032339066267014,0.039382968097925186,0.21284286677837372,0.010241861455142498
test_traffic_vid_1_chunk_0031.wav,D:\Projects\UrbanNoiseClassifier\project\pre_inference\processed_media\audio_chunks\test_traffic_vid_1_chunk_0031.wav,2,motorvehicle-horn,0.46877437829971313,0.025217123329639435,0.08369386196136475,0.46877437829971313,0.018728313967585564,0.0316808745265007,0.01634032092988491,0.34108343720436096,0.014481741935014725
test_traffic_vid_1_chunk_0031.wav,D:\Projects\UrbanNoiseClassifier\project\pre_inference\processed_media\audio_chunks\test_traffic_vid_1_chunk_0031.wav,2,motorvehicle-horn,0.46877437829971313,0.025217123329639435,0.08369386196136475,0.46877437829971313,0.018728313967585564,0.0316808745265007,0.01634032092988491,0.34108343720436096,0.014481741935014725
test_traffic_vid_1_chunk_0032.wav,D:\Projects\UrbanNoiseClassifier\project\pre_inference\processed_media\audio_chunks\test_traffic_vid_1_chunk_0032.wav,2,motorvehicle-horn,0.6405385136604309,0.03291097655892372,0.06747082620859146,0.6405385136604309,0.014154781587421894,0.011300037615001202,0.027792522683739662,0.1981264054775238,0.007705948781222105
test_traffic_vid_1_chunk_0032.wav,D:\Projects\UrbanNoiseClassifier\project\pre_inference\processed_media\audio_chunks\test_traffic_vid_1_chunk_0032.wav,2,motorvehicle-horn,0.6405385136604309,0.03291097655892372,0.06747082620859146,0.6405385136604309,0.014154781587421894,0.011300037615001202,0.027792522683739662,0.1981264054775238,0.007705948781222105
test_traffic_vid_1_chunk_0033.wav,D:\Projects\UrbanNoiseClassifier\project\pre_inference\processed_media\audio_chunks\test_traffic_vid_1_chunk_0033.wav,2,motorvehicle-horn,0.5364044308662415,0.0499873161315918,0.14705303311347961,0.5364044308662415,0.007242834195494652,0.010928655043244362,0.010593020357191563,0.23439481854438782,0.0033959189895540476
test_traffic_vid_1_chunk_0033.wav,D:\Projects\UrbanNoiseClassifier\project\pre_inference\processed_media\audio_chunks\test_traffic_vid_1_chunk_0033.wav,2,motorvehicle-horn,0.5364044308662415,0.0499873161315918,0.14705303311347961,0.5364044308662415,0.007242834195494652,0.010928655043244362,0.010593020357191563,0.23439481854438782,0.0033959189895540476
test_traffic_vid_1_chunk_0034.wav,D:\Projects\UrbanNoiseClassifier\project\pre_inference\processed_media\audio_chunks\test_traffic_vid_1_chunk_0034.wav,2,motorvehicle-horn,0.47878772020339966,0.04481251537799835,0.33801698684692383,0.47878772020339966,0.01072460226714611,0.008098995313048363,0.012238757684826851,0.10315119475126266,0.004169168416410685
test_traffic_vid_1_chunk_0034.wav,D:\Projects\UrbanNoiseClassifier\project\pre_inference\processed_media\audio_chunks\test_traffic_vid_1_chunk_0034.wav,2,motorvehicle-horn,0.47878772020339966,0.04481251537799835,0.33801698684692383,0.47878772020339966,0.01072460226714611,0.008098995313048363,0.012238757684826851,0.10315119475126266,0.004169168416410685
test_traffic_vid_1_chunk_0035.wav,D:\Projects\UrbanNoiseClassifier\project\pre_inference\processed_media\audio_chunks\test_traffic_vid_1_chunk_0035.wav,1,generator,0.45043283700942993,0.03845909610390663,0.45043283700942993,0.4071982502937317,0.008715582080185413,0.007728631608188152,0.04411341995000839,0.03850003331899643,0.004852102138102055
test_traffic_vid_1_chunk_0035.wav,D:\Projects\UrbanNoiseClassifier\project\pre_inference\processed_media\audio_chunks\test_traffic_vid_1_chunk_0035.wav,1,generator,0.45043283700942993,0.03845909610390663,0.45043283700942993,0.4071982502937317,0.008715582080185413,0.007728631608188152,0.04411341995000839,0.03850003331899643,0.004852102138102055
test_traffic_vid_1_chunk_0036.wav,D:\Projects\UrbanNoiseClassifier\project\pre_inference\processed_media\audio_chunks\test_traffic_vid_1_chunk_0036.wav,2,motorvehicle-horn,0.6569729447364807,0.1025356873869896,0.04168513044714928,0.6569729447364807,0.037266116589307785,0.04235383868217468,0.036426644772291183,0.07222665101289749,0.010532925836741924
test_traffic_vid_1_chunk_0036.wav,D:\Projects\UrbanNoiseClassifier\project\pre_inference\processed_media\audio_chunks\test_traffic_vid_1_chunk_0036.wav,2,motorvehicle-horn,0.6569729447364807,0.1025356873869896,0.04168513044714928,0.6569729447364807,0.037266116589307785,0.04235383868217468,0.036426644772291183,0.07222665101289749,0.010532925836741924
test_traffic_vid_1_chunk_0037.wav,D:\Projects\UrbanNoiseClassifier\project\pre_inference\processed_media\audio_chunks\test_traffic_vid_1_chunk_0037.wav,2,motorvehicle-horn,0.6218460202217102,0.04576316103339195,0.09561216086149216,0.6218460202217102,0.014920941554009914,0.017867784947156906,0.01900021731853485,0.17512793838977814,0.009861836209893227
test_traffic_vid_1_chunk_0037.wav,D:\Projects\UrbanNoiseClassifier\project\pre_inference\processed_media\audio_chunks\test_traffic_vid_1_chunk_0037.wav,2,motorvehicle-horn,0.6218460202217102,0.04576316103339195,0.09561216086149216,0.6218460202217102,0.014920941554009914,0.017867784947156906,0.01900021731853485,0.17512793838977814,0.009861836209893227
test_traffic_vid_1_chunk_0038.wav,D:\Projects\UrbanNoiseClassifier\project\pre_inference\processed_media\audio_chunks\test_traffic_vid_1_chunk_0038.wav,2,motorvehicle-horn,0.5998312830924988,0.05370522290468216,0.16683438420295715,0.5998312830924988,0.012884079478681087,0.01546127162873745,0.05455337464809418,0.07632157951593399,0.020408829674124718
test_traffic_vid_1_chunk_0038.wav,D:\Projects\UrbanNoiseClassifier\project\pre_inference\processed_media\audio_chunks\test_traffic_vid_1_chunk_0038.wav,2,motorvehicle-horn,0.5998312830924988,0.05370522290468216,0.16683438420295715,0.5998312830924988,0.012884079478681087,0.01546127162873745,0.05455337464809418,0.07632157951593399,0.020408829674124718
test_traffic_vid_1_chunk_0039.wav,D:\Projects\UrbanNoiseClassifier\project\pre_inference\processed_media\audio_chunks\test_traffic_vid_1_chunk_0039.wav,2,motorvehicle-horn,0.41167494654655457,0.0385659858584404,0.3428313732147217,0.41167494654655457,0.01678350195288658,0.018499262630939484,0.06601986289024353,0.08866763859987259,0.016957417130470276
test_traffic_vid_1_chunk_0039.wav,D:\Projects\UrbanNoiseClassifier\project\pre_inference\processed_media\audio_chunks\test_traffic_vid_1_chunk_0039.wav,2,motorvehicle-horn,0.41167494654655457,0.0385659858584404,0.3428313732147217,0.41167494654655457,0.01678350195288658,0.018499262630939484,0.06601986289024353,0.08866763859987259,0.016957417130470276
test_traffic_vid_1_chunk_0040.wav,D:\Projects\UrbanNoiseClassifier\project\pre_inference\processed_media\audio_chunks\test_traffic_vid_1_chunk_0040.wav,1,generator,0.39029622077941895,0.012309358455240726,0.39029622077941895,0.2859579920768738,0.005952952895313501,0.021348200738430023,0.031965263187885284,0.2440202236175537,0.008149834349751472
test_traffic_vid_1_chunk_0040.wav,D:\Projects\UrbanNoiseClassifier\project\pre_inference\processed_media\audio_chunks\test_traffic_vid_1_chunk_0040.wav,1,generator,0.39029622077941895,0.012309358455240726,0.39029622077941895,0.2859579920768738,0.005952952895313501,0.021348200738430023,0.031965263187885284,0.2440202236175537,0.008149834349751472
test_traffic_vid_1_chunk_0041.wav,D:\Projects\UrbanNoiseClassifier\project\pre_inference\processed_media\audio_chunks\test_traffic_vid_1_chunk_0041.wav,2,motorvehicle-horn,0.367767333984375,0.02721121534705162,0.19692616164684296,0.367767333984375,0.021014617756009102,0.012219621799886227,0.08795501291751862,0.27403882145881653,0.012867207638919353
test_traffic_vid_1_chunk_0041.wav,D:\Projects\UrbanNoiseClassifier\project\pre_inference\processed_media\audio_chunks\test_traffic_vid_1_chunk_0041.wav,2,motorvehicle-horn,0.367767333984375,0.02721121534705162,0.19692616164684296,0.367767333984375,0.021014617756009102,0.012219621799886227,0.08795501291751862,0.27403882145881653,0.012867207638919353
test_traffic_vid_1_chunk_0042.wav,D:\Projects\UrbanNoiseClassifier\project\pre_inference\processed_media\audio_chunks\test_traffic_vid_1_chunk_0042.wav,6,motorvehicle-siren,0.3434368669986725,0.030770599842071533,0.1383652538061142,0.32733339071273804,0.01808798871934414,0.061565786600112915,0.057210080325603485,0.3434368669986725,0.02323002554476261
test_traffic_vid_1_chunk_0042.wav,D:\Projects\UrbanNoiseClassifier\project\pre_inference\processed_media\audio_chunks\test_traffic_vid_1_chunk_0042.wav,6,motorvehicle-siren,0.3434368669986725,0.030770599842071533,0.1383652538061142,0.32733339071273804,0.01808798871934414,0.061565786600112915,0.057210080325603485,0.3434368669986725,0.02323002554476261
test_traffic_vid_1_chunk_0043.wav,D:\Projects\UrbanNoiseClassifier\project\pre_inference\processed_media\audio_chunks\test_traffic_vid_1_chunk_0043.wav,2,motorvehicle-horn,0.47381889820098877,0.03593813255429268,0.24501676857471466,0.47381889820098877,0.01661958172917366,0.01649634540081024,0.044105563312768936,0.1613014191389084,0.006703279446810484
test_traffic_vid_1_chunk_0043.wav,D:\Projects\UrbanNoiseClassifier\project\pre_inference\processed_media\audio_chunks\test_traffic_vid_1_chunk_0043.wav,2,motorvehicle-horn,0.47381889820098877,0.03593813255429268,0.24501676857471466,0.47381889820098877,0.01661958172917366,0.01649634540081024,0.044105563312768936,0.1613014191389084,0.006703279446810484
test_traffic_vid_1_chunk_0044.wav,D:\Projects\UrbanNoiseClassifier\project\pre_inference\processed_media\audio_chunks\test_traffic_vid_1_chunk_0044.wav,2,motorvehicle-horn,0.5032969117164612,0.031051278114318848,0.30429941415786743,0.5032969117164612,0.017441026866436005,0.011994830332696438,0.05987818166613579,0.06201889365911484,0.010019429959356785
test_traffic_vid_1_chunk_0044.wav,D:\Projects\UrbanNoiseClassifier\project\pre_inference\processed_media\audio_chunks\test_traffic_vid_1_chunk_0044.wav,2,motorvehicle-horn,0.5032969117164612,0.031051278114318848,0.30429941415786743,0.5032969117164612,0.017441026866436005,0.011994830332696438,0.05987818166613579,0.06201889365911484,0.010019429959356785
test_traffic_vid_1_chunk_0045.wav,D:\Projects\UrbanNoiseClassifier\project\pre_inference\processed_media\audio_chunks\test_traffic_vid_1_chunk_0045.wav,2,motorvehicle-horn,0.48511821031570435,0.07094810158014297,0.11815252900123596,0.48511821031570435,0.05406411737203598,0.03699527308344841,0.10942592471837997,0.08952679485082626,0.03576907888054848
test_traffic_vid_1_chunk_0045.wav,D:\Projects\UrbanNoiseClassifier\project\pre_inference\processed_media\audio_chunks\test_traffic_vid_1_chunk_0045.wav,2,motorvehicle-horn,0.48511821031570435,0.07094810158014297,0.11815252900123596,0.48511821031570435,0.05406411737203598,0.03699527308344841,0.10942592471837997,0.08952679485082626,0.03576907888054848
test_traffic_vid_1_chunk_0046.wav,D:\Projects\UrbanNoiseClassifier\project\pre_inference\processed_media\audio_chunks\test_traffic_vid_1_chunk_0046.wav,2,motorvehicle-horn,0.6424750685691833,0.054803699254989624,0.03316626697778702,0.6424750685691833,0.01872461847960949,0.04450041800737381,0.023471305146813393,0.17361806333065033,0.009240548126399517
test_traffic_vid_1_chunk_0046.wav,D:\Projects\UrbanNoiseClassifier\project\pre_inference\processed_media\audio_chunks\test_traffic_vid_1_chunk_0046.wav,2,motorvehicle-horn,0.6424750685691833,0.054803699254989624,0.03316626697778702,0.6424750685691833,0.01872461847960949,0.04450041800737381,0.023471305146813393,0.17361806333065033,0.009240548126399517
test_traffic_vid_1_chunk_0047.wav,D:\Projects\UrbanNoiseClassifier\project\pre_inference\processed_media\audio_chunks\test_traffic_vid_1_chunk_0047.wav,1,generator,0.690453052520752,0.01769171841442585,0.690453052520752,0.11178791522979736,0.02396262064576149,0.03142035752534866,0.0499260351061821,0.05974223092198372,0.015016083605587482
test_traffic_vid_1_chunk_0047.wav,D:\Projects\UrbanNoiseClassifier\project\pre_inference\processed_media\audio_chunks\test_traffic_vid_1_chunk_0047.wav,1,generator,0.690453052520752,0.01769171841442585,0.690453052520752,0.11178791522979736,0.02396262064576149,0.03142035752534866,0.0499260351061821,0.05974223092198372,0.015016083605587482
test_traffic_vid_1_chunk_0048.wav,D:\Projects\UrbanNoiseClassifier\project\pre_inference\processed_media\audio_chunks\test_traffic_vid_1_chunk_0048.wav,6,motorvehicle-siren,0.5270467400550842,0.0246801245957613,0.11572832614183426,0.28207477927207947,0.011074420064687729,0.019098829478025436,0.011451458558440208,0.5270467400550842,0.00884532742202282
test_traffic_vid_1_chunk_0048.wav,D:\Projects\UrbanNoiseClassifier\project\pre_inference\processed_media\audio_chunks\test_traffic_vid_1_chunk_0048.wav,6,motorvehicle-siren,0.5270467400550842,0.0246801245957613,0.11572832614183426,0.28207477927207947,0.011074420064687729,0.019098829478025436,0.011451458558440208,0.5270467400550842,0.00884532742202282
test_traffic_vid_1_chunk_0049.wav,D:\Projects\UrbanNoiseClassifier\project\pre_inference\processed_media\audio_chunks\test_traffic_vid_1_chunk_0049.wav,2,motorvehicle-horn,0.57135009765625,0.1116299256682396,0.09751081466674805,0.57135009765625,0.04840751364827156,0.0308153685182333,0.046496834605932236,0.06808872520923615,0.025700703263282776
test_traffic_vid_1_chunk_0049.wav,D:\Projects\UrbanNoiseClassifier\project\pre_inference\processed_media\audio_chunks\test_traffic_vid_1_chunk_0049.wav,2,motorvehicle-horn,0.57135009765625,0.1116299256682396,0.09751081466674805,0.57135009765625,0.04840751364827156,0.0308153685182333,0.046496834605932236,0.06808872520923615,0.025700703263282776
test_traffic_vid_1_chunk_0050.wav,D:\Projects\UrbanNoiseClassifier\project\pre_inference\processed_media\audio_chunks\test_traffic_vid_1_chunk_0050.wav,2,motorvehicle-horn,0.5833219885826111,0.08291230350732803,0.11303675919771194,0.5833219885826111,0.015936031937599182,0.033608317375183105,0.022924697026610374,0.13342459499835968,0.014835244975984097
test_traffic_vid_1_chunk_0050.wav,D:\Projects\UrbanNoiseClassifier\project\pre_inference\processed_media\audio_chunks\test_traffic_vid_1_chunk_0050.wav,2,motorvehicle-horn,0.5833219885826111,0.08291230350732803,0.11303675919771194,0.5833219885826111,0.015936031937599182,0.033608317375183105,0.022924697026610374,0.13342459499835968,0.014835244975984097
test_traffic_vid_1_chunk_0051.wav,D:\Projects\UrbanNoiseClassifier\project\pre_inference\processed_media\audio_chunks\test_traffic_vid_1_chunk_0051.wav,6,motorvehicle-siren,0.3423882722854614,0.01641020178794861,0.24260249733924866,0.2068030685186386,0.04265370965003967,0.05721588060259819,0.0600031353533268,0.3423882722854614,0.03192322701215744
test_traffic_vid_1_chunk_0051.wav,D:\Projects\UrbanNoiseClassifier\project\pre_inference\processed_media\audio_chunks\test_traffic_vid_1_chunk_0051.wav,6,motorvehicle-siren,0.3423882722854614,0.01641020178794861,0.24260249733924866,0.2068030685186386,0.04265370965003967,0.05721588060259819,0.0600031353533268,0.3423882722854614,0.03192322701215744
test_traffic_vid_1_chunk_0052.wav,D:\Projects\UrbanNoiseClassifier\project\pre_inference\processed_media\audio_chunks\test_traffic_vid_1_chunk_0052.wav,6,motorvehicle-siren,0.39592957496643066,0.10456859320402145,0.042289674282073975,0.39221417903900146,0.02470516413450241,0.011156082153320312,0.024722427129745483,0.39592957496643066,0.004414323717355728
test_traffic_vid_1_chunk_0052.wav,D:\Projects\UrbanNoiseClassifier\project\pre_inference\processed_media\audio_chunks\test_traffic_vid_1_chunk_0052.wav,6,motorvehicle-siren,0.39592957496643066,0.10456859320402145,0.042289674282073975,0.39221417903900146,0.02470516413450241,0.011156082153320312,0.024722427129745483,0.39592957496643066,0.004414323717355728
test_traffic_vid_1_chunk_0053.wav,D:\Projects\UrbanNoiseClassifier\project\pre_inference\processed_media\audio_chunks\test_traffic_vid_1_chunk_0053.wav,2,motorvehicle-horn,0.3520045876502991,0.09963998943567276,0.12552155554294586,0.3520045876502991,0.019186539575457573,0.01969221420586109,0.042115312069654465,0.33476492762565613,0.007074862718582153
test_traffic_vid_1_chunk_0053.wav,D:\Projects\UrbanNoiseClassifier\project\pre_inference\processed_media\audio_chunks\test_traffic_vid_1_chunk_0053.wav,2,motorvehicle-horn,0.3520045876502991,0.09963998943567276,0.12552155554294586,0.3520045876502991,0.019186539575457573,0.01969221420586109,0.042115312069654465,0.33476492762565613,0.007074862718582153
test_traffic_vid_1_chunk_0054.wav,D:\Projects\UrbanNoiseClassifier\project\pre_inference\processed_media\audio_chunks\test_traffic_vid_1_chunk_0054.wav,2,motorvehicle-horn,0.40961647033691406,0.0978856310248375,0.053268611431121826,0.40961647033691406,0.056059353053569794,0.026984620839357376,0.08651918172836304,0.21248450875282288,0.05718162655830383
test_traffic_vid_1_chunk_0054.wav,D:\Projects\UrbanNoiseClassifier\project\pre_inference\processed_media\audio_chunks\test_traffic_vid_1_chunk_0054.wav,2,motorvehicle-horn,0.40961647033691406,0.0978856310248375,0.053268611431121826,0.40961647033691406,0.056059353053569794,0.026984620839357376,0.08651918172836304,0.21248450875282288,0.05718162655830383
test_traffic_vid_1_chunk_0055.wav,D:\Projects\UrbanNoiseClassifier\project\pre_inference\processed_media\audio_chunks\test_traffic_vid_1_chunk_0055.wav,2,motorvehicle-horn,0.5496586561203003,0.05919085815548897,0.19424307346343994,0.5496586561203003,0.013622003607451916,0.014382767491042614,0.016444487497210503,0.14651288092136383,0.005945264361798763
test_traffic_vid_1_chunk_0055.wav,D:\Projects\UrbanNoiseClassifier\project\pre_inference\processed_media\audio_chunks\test_traffic_vid_1_chunk_0055.wav,2,motorvehicle-horn,0.5496586561203003,0.05919085815548897,0.19424307346343994,0.5496586561203003,0.013622003607451916,0.014382767491042614,0.016444487497210503,0.14651288092136383,0.005945264361798763
test_traffic_vid_1_chunk_0056.wav,D:\Projects\UrbanNoiseClassifier\project\pre_inference\processed_media\audio_chunks\test_traffic_vid_1_chunk_0056.wav,6,motorvehicle-siren,0.44498565793037415,0.035732071846723557,0.2067943662405014,0.20690731704235077,0.017069067806005478,0.009047305211424828,0.060497622936964035,0.44498565793037415,0.01896662637591362
test_traffic_vid_1_chunk_0056.wav,D:\Projects\UrbanNoiseClassifier\project\pre_inference\processed_media\audio_chunks\test_traffic_vid_1_chunk_0056.wav,6,motorvehicle-siren,0.44498565793037415,0.035732071846723557,0.2067943662405014,0.20690731704235077,0.017069067806005478,0.009047305211424828,0.060497622936964035,0.44498565793037415,0.01896662637591362
test_traffic_vid_1_chunk_0057.wav,D:\Projects\UrbanNoiseClassifier\project\pre_inference\processed_media\audio_chunks\test_traffic_vid_1_chunk_0057.wav,1,generator,0.42187801003456116,0.03173568844795227,0.42187801003456116,0.22919733822345734,0.016133110970258713,0.018044758588075638,0.05817783623933792,0.17963126301765442,0.04520197957754135
test_traffic_vid_1_chunk_0057.wav,D:\Projects\UrbanNoiseClassifier\project\pre_inference\processed_media\audio_chunks\test_traffic_vid_1_chunk_0057.wav,1,generator,0.42187801003456116,0.03173568844795227,0.42187801003456116,0.22919733822345734,0.016133110970258713,0.018044758588075638,0.05817783623933792,0.17963126301765442,0.04520197957754135
test_traffic_vid_1_chunk_0058.wav,D:\Projects\UrbanNoiseClassifier\project\pre_inference\processed_media\audio_chunks\test_traffic_vid_1_chunk_0058.wav,1,generator,0.4855762720108032,0.013253405690193176,0.4855762720108032,0.18988634645938873,0.00711154704913497,0.012261299416422844,0.018644127994775772,0.26741597056388855,0.0058511048555374146
test_traffic_vid_1_chunk_0058.wav,D:\Projects\UrbanNoiseClassifier\project\pre_inference\processed_media\audio_chunks\test_traffic_vid_1_chunk_0058.wav,1,generator,0.4855762720108032,0.013253405690193176,0.4855762720108032,0.18988634645938873,0.00711154704913497,0.012261299416422844,0.018644127994775772,0.26741597056388855,0.0058511048555374146
test_traffic_vid_1_chunk_0059.wav,D:\Projects\UrbanNoiseClassifier\project\pre_inference\processed_media\audio_chunks\test_traffic_vid_1_chunk_0059.wav,1,generator,0.5561289191246033,0.008190616965293884,0.5561289191246033,0.07911287993192673,0.017442090436816216,0.028500279411673546,0.05254705622792244,0.2533824145793915,0.0046957265585660934
test_traffic_vid_1_chunk_0059.wav,D:\Projects\UrbanNoiseClassifier\project\pre_inference\processed_media\audio_chunks\test_traffic_vid_1_chunk_0059.wav,1,generator,0.5561289191246033,0.008190616965293884,0.5561289191246033,0.07911287993192673,0.017442090436816216,0.028500279411673546,0.05254705622792244,0.2533824145793915,0.0046957265585660934
