Video,Frames,Construction Site,Construction Confidence,Equipment,Standard Detections (Top 5),MOCS Detections (Top 5)
test_traffic_vid_1_chunk_0000.mp4,10,No,0.0%,None,car (74.4%),Other vehicle (75.5%)
test_traffic_vid_1_chunk_0001.mp4,10,No,10.0%,Truck,car (71.0%),Other vehicle (69.4%); Truck (68.7%)
test_traffic_vid_1_chunk_0002.mp4,10,No,0.0%,None,car (72.3%),Other vehicle (82.6%)
test_traffic_vid_1_chunk_0003.mp4,10,No,10.0%,Crane,car (73.3%),Other vehicle (78.5%); Crane (54.2%)
test_traffic_vid_1_chunk_0004.mp4,9,No,0.0%,None,car (74.6%),Other vehicle (79.4%)
test_traffic_vid_1_chunk_0005.mp4,9,No,0.0%,None,person (83.3%); car (75.9%),Worker (86.0%); Other vehicle (82.6%)
test_traffic_vid_1_chunk_0006.mp4,9,No,0.0%,None,car (76.9%),Other vehicle (81.6%)
test_traffic_vid_1_chunk_0007.mp4,9,No,11.1%,Crane,car (78.4%),Other vehicle (80.3%); Crane (51.2%)
test_traffic_vid_1_chunk_0008.mp4,8,No,12.5%,Truck,car (75.2%),Other vehicle (70.4%); Truck (59.9%)
test_traffic_vid_1_chunk_0009.mp4,8,No,12.5%,Truck,car (71.2%),Other vehicle (69.8%); Truck (61.2%)
test_traffic_vid_1_chunk_0010.mp4,8,No,0.0%,None,car (71.3%),Other vehicle (65.1%)
test_traffic_vid_1_chunk_0011.mp4,8,No,0.0%,None,car (76.5%),Other vehicle (69.1%)
test_traffic_vid_1_chunk_0012.mp4,8,No,0.0%,None,person (78.4%); car (71.4%),Worker (79.3%); Other vehicle (69.1%)
test_traffic_vid_1_chunk_0013.mp4,7,No,0.0%,None,car (75.5%),Other vehicle (75.6%); Worker (51.4%)
test_traffic_vid_1_chunk_0014.mp4,7,No,28.6%,Crane,car (73.4%); person (60.5%); truck (51.9%),Other vehicle (80.7%); Worker (61.3%); Crane (57.5%)
test_traffic_vid_1_chunk_0015.mp4,7,No,28.6%,"Truck, Crane",car (70.4%); person (59.9%); truck (51.9%),Worker (64.1%); Other vehicle (63.4%); Crane (54.1%); Truck (51.3%)
test_traffic_vid_1_chunk_0016.mp4,7,No,0.0%,None,person (83.4%); bus (73.2%); car (70.8%),Worker (81.1%); Other vehicle (80.7%)
test_traffic_vid_1_chunk_0017.mp4,7,Yes,85.7%,Crane,car (69.9%); truck (53.9%),Other vehicle (82.5%); Crane (62.7%)
test_traffic_vid_1_chunk_0018.mp4,6,No,33.3%,"Truck, Crane",car (72.0%),Other vehicle (61.9%); Crane (53.8%); Truck (51.0%)
test_traffic_vid_1_chunk_0019.mp4,6,No,0.0%,None,car (73.9%),Other vehicle (68.9%)
test_traffic_vid_1_chunk_0020.mp4,6,No,0.0%,None,car (70.0%),Other vehicle (74.3%)
test_traffic_vid_1_chunk_0021.mp4,6,No,50.0%,Crane,car (69.4%),Other vehicle (76.7%); Crane (60.8%)
test_traffic_vid_1_chunk_0022.mp4,6,No,0.0%,None,car (69.0%),Other vehicle (73.3%); Worker (51.4%)
test_traffic_vid_1_chunk_0023.mp4,5,No,0.0%,None,person (83.3%); car (70.2%),Other vehicle (83.0%); Worker (78.8%)
test_traffic_vid_1_chunk_0024.mp4,10,No,0.0%,None,car (77.7%); person (74.5%); backpack (54.2%),Worker (83.8%); Other vehicle (75.7%)
test_traffic_vid_1_chunk_0025.mp4,10,No,0.0%,None,car (76.8%),Other vehicle (80.1%)
test_traffic_vid_1_chunk_0026.mp4,10,No,0.0%,None,car (77.3%),Other vehicle (79.9%)
test_traffic_vid_1_chunk_0027.mp4,10,No,10.0%,Crane,car (67.1%),Other vehicle (69.7%); Crane (60.1%)
test_traffic_vid_1_chunk_0028.mp4,10,No,20.0%,Crane,car (69.5%),Other vehicle (72.9%); Crane (57.9%); Worker (51.6%)
test_traffic_vid_1_chunk_0029.mp4,9,No,11.1%,Crane,car (73.5%),Other vehicle (69.7%); Crane (52.1%)
test_traffic_vid_1_chunk_0030.mp4,9,No,0.0%,None,person (81.0%); car (72.4%),Worker (75.6%); Other vehicle (73.7%)
test_traffic_vid_1_chunk_0031.mp4,9,No,11.1%,Truck,person (80.3%); car (76.2%),Other vehicle (80.2%); Worker (77.1%); Truck (73.8%)
test_traffic_vid_1_chunk_0032.mp4,9,No,33.3%,Crane,person (75.7%); car (74.1%),Other vehicle (76.5%); Worker (69.0%); Crane (60.6%)
test_traffic_vid_1_chunk_0033.mp4,9,No,11.1%,Crane,car (70.2%); person (51.9%),Other vehicle (75.7%); Crane (64.0%); Worker (56.8%)
test_traffic_vid_1_chunk_0034.mp4,8,No,0.0%,None,car (69.9%),Other vehicle (85.0%); Worker (57.2%)
test_traffic_vid_1_chunk_0035.mp4,8,No,0.0%,None,car (71.3%),Worker (81.9%); Other vehicle (79.7%)
test_traffic_vid_1_chunk_0036.mp4,8,No,50.0%,Crane,car (71.2%),Other vehicle (72.9%); Crane (69.8%)
test_traffic_vid_1_chunk_0037.mp4,8,No,0.0%,None,car (72.9%),Other vehicle (78.8%)
test_traffic_vid_1_chunk_0038.mp4,8,No,12.5%,Crane,car (71.7%),Crane (81.9%); Other vehicle (70.7%)
test_traffic_vid_1_chunk_0039.mp4,7,No,0.0%,None,car (71.2%),Other vehicle (75.7%)
test_traffic_vid_1_chunk_0040.mp4,7,No,0.0%,None,car (69.2%),Other vehicle (73.2%)
test_traffic_vid_1_chunk_0041.mp4,7,No,14.3%,Truck,car (74.7%),Other vehicle (81.7%); Truck (55.4%)
test_traffic_vid_1_chunk_0042.mp4,7,No,28.6%,Truck,car (76.1%),Other vehicle (80.7%); Truck (72.5%)
test_traffic_vid_1_chunk_0043.mp4,7,No,0.0%,None,car (74.4%),Other vehicle (78.9%)
test_traffic_vid_1_chunk_0044.mp4,7,No,0.0%,None,car (68.8%),Other vehicle (70.0%)
test_traffic_vid_1_chunk_0045.mp4,6,No,0.0%,None,car (66.8%),Other vehicle (60.3%)
test_traffic_vid_1_chunk_0046.mp4,6,No,0.0%,None,car (66.6%); boat (50.0%),Other vehicle (76.7%)
test_traffic_vid_1_chunk_0047.mp4,6,No,16.7%,Crane,car (63.9%),Crane (85.9%); Other vehicle (72.1%)
test_traffic_vid_1_chunk_0048.mp4,10,No,0.0%,None,car (70.8%),Other vehicle (61.9%)
test_traffic_vid_1_chunk_0049.mp4,10,No,0.0%,None,car (73.3%),Other vehicle (79.0%)
test_traffic_vid_1_chunk_0050.mp4,10,No,20.0%,Truck,car (67.0%),Other vehicle (79.8%); Truck (52.5%)
test_traffic_vid_1_chunk_0051.mp4,10,No,40.0%,"Truck, Crane",bus (81.1%); car (67.7%); truck (67.3%),Other vehicle (74.5%); Truck (65.2%); Crane (50.6%)
test_traffic_vid_1_chunk_0052.mp4,10,No,10.0%,Truck,car (64.8%),Other vehicle (59.9%); Truck (54.9%)
test_traffic_vid_1_chunk_0053.mp4,10,No,10.0%,Crane,car (65.8%),Other vehicle (75.8%); Crane (54.3%)
test_traffic_vid_1_chunk_0054.mp4,9,No,0.0%,None,car (73.9%),Other vehicle (76.4%)
test_traffic_vid_1_chunk_0055.mp4,9,No,0.0%,None,person (81.9%); car (69.9%); truck (53.8%),Worker (76.3%); Other vehicle (66.7%)
test_traffic_vid_1_chunk_0056.mp4,9,No,11.1%,Truck,person (85.3%); car (63.0%),Worker (84.9%); Truck (57.6%); Other vehicle (56.6%)
test_traffic_vid_1_chunk_0057.mp4,9,No,0.0%,None,person (83.2%); car (72.7%),Worker (78.3%); Other vehicle (69.3%)
test_traffic_vid_1_chunk_0058.mp4,9,No,0.0%,None,person (82.1%); car (73.7%),Worker (82.0%); Other vehicle (68.2%)
test_traffic_vid_1_chunk_0059.mp4,9,No,0.0%,None,person (80.6%); car (77.4%),Worker (77.3%); Other vehicle (64.0%)
